Image Filename,Classification
center_2025_04_30_01_05_54_480.jpg,straight
center_2025_04_30_01_05_54_582.jpg,straight
center_2025_04_30_01_05_54_698.jpg,straight
center_2025_04_30_01_05_54_790.jpg,straight
center_2025_04_30_01_05_54_875.jpg,straight
center_2025_04_30_01_05_54_993.jpg,straight
center_2025_04_30_01_05_55_102.jpg,straight
center_2025_04_30_01_05_55_195.jpg,straight
center_2025_04_30_01_05_55_305.jpg,straight
center_2025_04_30_01_05_55_393.jpg,straight
center_2025_04_30_01_05_55_495.jpg,straight
center_2025_04_30_01_05_55_608.jpg,straight
center_2025_04_30_01_05_55_695.jpg,straight
center_2025_04_30_01_05_55_817.jpg,straight
center_2025_04_30_01_05_55_935.jpg,straight
center_2025_04_30_01_05_56_027.jpg,straight
center_2025_04_30_01_05_56_121.jpg,straight
center_2025_04_30_01_05_56_208.jpg,straight
center_2025_04_30_01_05_56_314.jpg,straight
center_2025_04_30_01_05_56_427.jpg,straight
center_2025_04_30_01_05_56_523.jpg,straight
center_2025_04_30_01_05_56_642.jpg,straight
center_2025_04_30_01_05_56_743.jpg,straight
center_2025_04_30_01_05_56_859.jpg,straight
center_2025_04_30_01_05_56_954.jpg,straight
center_2025_04_30_01_05_57_039.jpg,straight
center_2025_04_30_01_05_57_147.jpg,straight
center_2025_04_30_01_05_57_262.jpg,straight
center_2025_04_30_01_05_57_383.jpg,straight
center_2025_04_30_01_05_57_477.jpg,straight
center_2025_04_30_01_05_57_579.jpg,straight
center_2025_04_30_01_05_57_705.jpg,straight
center_2025_04_30_01_05_57_812.jpg,straight
center_2025_04_30_01_05_57_918.jpg,straight
center_2025_04_30_01_05_58_015.jpg,straight
center_2025_04_30_01_05_58_115.jpg,straight
center_2025_04_30_01_05_58_226.jpg,straight
center_2025_04_30_01_05_58_332.jpg,straight
center_2025_04_30_01_05_58_453.jpg,straight
center_2025_04_30_01_05_58_563.jpg,straight
center_2025_04_30_01_05_58_678.jpg,straight
center_2025_04_30_01_05_58_800.jpg,straight
center_2025_04_30_01_05_58_934.jpg,straight
center_2025_04_30_01_05_59_051.jpg,straight
center_2025_04_30_01_05_59_123.jpg,straight
center_2025_04_30_01_05_59_252.jpg,straight
center_2025_04_30_01_05_59_369.jpg,straight
center_2025_04_30_01_05_59_464.jpg,straight
center_2025_04_30_01_05_59_547.jpg,straight
center_2025_04_30_01_05_59_640.jpg,straight
center_2025_04_30_01_05_59_738.jpg,straight
center_2025_04_30_01_05_59_837.jpg,straight
center_2025_04_30_01_05_59_931.jpg,straight
center_2025_04_30_01_06_00_040.jpg,straight
center_2025_04_30_01_06_00_148.jpg,straight
center_2025_04_30_01_06_00_255.jpg,straight
center_2025_04_30_01_06_00_353.jpg,straight
center_2025_04_30_01_06_00_456.jpg,straight
center_2025_04_30_01_06_00_557.jpg,straight
center_2025_04_30_01_06_00_664.jpg,straight
center_2025_04_30_01_06_00_768.jpg,straight
center_2025_04_30_01_06_00_881.jpg,straight
center_2025_04_30_01_06_00_994.jpg,straight
center_2025_04_30_01_06_01_093.jpg,straight
center_2025_04_30_01_06_01_200.jpg,straight
center_2025_04_30_01_06_01_310.jpg,straight
center_2025_04_30_01_06_01_400.jpg,straight
center_2025_04_30_01_06_01_492.jpg,straight
center_2025_04_30_01_06_01_591.jpg,straight
center_2025_04_30_01_06_01_705.jpg,straight
center_2025_04_30_01_06_01_813.jpg,straight
center_2025_04_30_01_06_01_924.jpg,straight
center_2025_04_30_01_06_02_034.jpg,straight
center_2025_04_30_01_06_02_150.jpg,straight
center_2025_04_30_01_06_02_253.jpg,straight
center_2025_04_30_01_06_02_343.jpg,straight
center_2025_04_30_01_06_02_449.jpg,straight
center_2025_04_30_01_06_02_556.jpg,straight
center_2025_04_30_01_06_02_657.jpg,straight
center_2025_04_30_01_06_02_750.jpg,straight
center_2025_04_30_01_06_02_853.jpg,straight
center_2025_04_30_01_06_02_965.jpg,straight
center_2025_04_30_01_06_03_075.jpg,straight
center_2025_04_30_01_06_03_176.jpg,straight
center_2025_04_30_01_06_03_280.jpg,straight
center_2025_04_30_01_06_03_384.jpg,straight
center_2025_04_30_01_06_03_469.jpg,straight
center_2025_04_30_01_06_03_558.jpg,straight
center_2025_04_30_01_06_03_660.jpg,straight
center_2025_04_30_01_06_03_762.jpg,straight
center_2025_04_30_01_06_03_854.jpg,straight
center_2025_04_30_01_06_03_943.jpg,straight
center_2025_04_30_01_06_04_042.jpg,straight
center_2025_04_30_01_06_04_141.jpg,straight
center_2025_04_30_01_06_04_232.jpg,straight
center_2025_04_30_01_06_04_326.jpg,straight
center_2025_04_30_01_06_04_400.jpg,straight
center_2025_04_30_01_06_04_498.jpg,straight
center_2025_04_30_01_06_04_601.jpg,straight
center_2025_04_30_01_06_04_718.jpg,straight
center_2025_04_30_01_06_04_832.jpg,straight
center_2025_04_30_01_06_04_924.jpg,straight
center_2025_04_30_01_06_05_034.jpg,straight
center_2025_04_30_01_06_05_133.jpg,straight
center_2025_04_30_01_06_05_236.jpg,straight
center_2025_04_30_01_06_05_358.jpg,straight
center_2025_04_30_01_06_05_470.jpg,straight
center_2025_04_30_01_06_05_583.jpg,straight
center_2025_04_30_01_06_05_679.jpg,straight
center_2025_04_30_01_06_05_785.jpg,straight
center_2025_04_30_01_06_05_904.jpg,straight
center_2025_04_30_01_06_06_017.jpg,straight
center_2025_04_30_01_06_06_112.jpg,straight
center_2025_04_30_01_06_06_207.jpg,straight
center_2025_04_30_01_06_06_287.jpg,straight
center_2025_04_30_01_06_06_390.jpg,smoothL
center_2025_04_30_01_06_06_494.jpg,smoothL
center_2025_04_30_01_06_06_598.jpg,smoothL
center_2025_04_30_01_06_06_706.jpg,smoothL
center_2025_04_30_01_06_06_798.jpg,smoothL
center_2025_04_30_01_06_06_918.jpg,smoothL
center_2025_04_30_01_06_07_024.jpg,smoothL
center_2025_04_30_01_06_07_125.jpg,smoothL
center_2025_04_30_01_06_07_224.jpg,smoothL
center_2025_04_30_01_06_07_316.jpg,smoothL
center_2025_04_30_01_06_07_422.jpg,smoothL
center_2025_04_30_01_06_07_529.jpg,smoothL
center_2025_04_30_01_06_07_633.jpg,smoothL
center_2025_04_30_01_06_07_729.jpg,smoothL
center_2025_04_30_01_06_07_828.jpg,smoothL
center_2025_04_30_01_06_07_942.jpg,smoothL
center_2025_04_30_01_06_08_011.jpg,smoothL
center_2025_04_30_01_06_08_120.jpg,smoothL
center_2025_04_30_01_06_08_201.jpg,smoothL
center_2025_04_30_01_06_08_304.jpg,smoothL
center_2025_04_30_01_06_08_392.jpg,smoothL
center_2025_04_30_01_06_08_485.jpg,smoothL
center_2025_04_30_01_06_08_586.jpg,straight
center_2025_04_30_01_06_08_690.jpg,straight
center_2025_04_30_01_06_08_804.jpg,straight
center_2025_04_30_01_06_08_911.jpg,straight
center_2025_04_30_01_06_09_014.jpg,straight
center_2025_04_30_01_06_09_112.jpg,straight
center_2025_04_30_01_06_09_217.jpg,straight
center_2025_04_30_01_06_09_318.jpg,straight
center_2025_04_30_01_06_09_421.jpg,straight
center_2025_04_30_01_06_09_524.jpg,straight
center_2025_04_30_01_06_09_623.jpg,straight
center_2025_04_30_01_06_09_735.jpg,straight
center_2025_04_30_01_06_09_822.jpg,straight
center_2025_04_30_01_06_09_903.jpg,straight
center_2025_04_30_01_06_10_003.jpg,straight
center_2025_04_30_01_06_10_101.jpg,straight
center_2025_04_30_01_06_10_194.jpg,straight
center_2025_04_30_01_06_10_294.jpg,straight
center_2025_04_30_01_06_10_400.jpg,straight
center_2025_04_30_01_06_10_503.jpg,straight
center_2025_04_30_01_06_10_603.jpg,straight
center_2025_04_30_01_06_10_687.jpg,straight
center_2025_04_30_01_06_10_798.jpg,straight
center_2025_04_30_01_06_10_897.jpg,straight
center_2025_04_30_01_06_11_003.jpg,straight
center_2025_04_30_01_06_11_104.jpg,straight
center_2025_04_30_01_06_11_202.jpg,straight
center_2025_04_30_01_06_11_292.jpg,straight
center_2025_04_30_01_06_11_398.jpg,straight
center_2025_04_30_01_06_11_550.jpg,straight
center_2025_04_30_01_06_11_640.jpg,straight
center_2025_04_30_01_06_11_737.jpg,straight
center_2025_04_30_01_06_11_845.jpg,straight
center_2025_04_30_01_06_11_941.jpg,straight
center_2025_04_30_01_06_12_019.jpg,straight
center_2025_04_30_01_06_12_112.jpg,straight
center_2025_04_30_01_06_12_198.jpg,straight
center_2025_04_30_01_06_12_283.jpg,straight
center_2025_04_30_01_06_12_382.jpg,straight
center_2025_04_30_01_06_12_488.jpg,straight
center_2025_04_30_01_06_12_576.jpg,straight
center_2025_04_30_01_06_12_675.jpg,straight
center_2025_04_30_01_06_12_773.jpg,straight
center_2025_04_30_01_06_12_872.jpg,straight
center_2025_04_30_01_06_12_977.jpg,straight
center_2025_04_30_01_06_13_076.jpg,smoothL
center_2025_04_30_01_06_13_167.jpg,smoothL
center_2025_04_30_01_06_13_256.jpg,smoothL
center_2025_04_30_01_06_13_346.jpg,smoothL
center_2025_04_30_01_06_13_432.jpg,smoothL
center_2025_04_30_01_06_13_525.jpg,smoothL
center_2025_04_30_01_06_13_616.jpg,smoothL
center_2025_04_30_01_06_13_702.jpg,smoothL
center_2025_04_30_01_06_13_793.jpg,smoothL
center_2025_04_30_01_06_13_875.jpg,smoothL
center_2025_04_30_01_06_13_963.jpg,smoothL
center_2025_04_30_01_06_14_052.jpg,smoothL
center_2025_04_30_01_06_14_144.jpg,smoothL
center_2025_04_30_01_06_14_236.jpg,smoothL
center_2025_04_30_01_06_14_325.jpg,smoothL
center_2025_04_30_01_06_14_416.jpg,smoothL
center_2025_04_30_01_06_14_504.jpg,smoothL
center_2025_04_30_01_06_14_591.jpg,smoothL
center_2025_04_30_01_06_14_676.jpg,smoothL
center_2025_04_30_01_06_14_769.jpg,smoothL
center_2025_04_30_01_06_14_853.jpg,smoothL
center_2025_04_30_01_06_14_938.jpg,smoothL
center_2025_04_30_01_06_15_007.jpg,smoothL
center_2025_04_30_01_06_15_100.jpg,smoothL
center_2025_04_30_01_06_15_185.jpg,smoothL
center_2025_04_30_01_06_15_268.jpg,smoothL
center_2025_04_30_01_06_15_357.jpg,smoothL
center_2025_04_30_01_06_15_425.jpg,smoothL
center_2025_04_30_01_06_15_518.jpg,smoothL
center_2025_04_30_01_06_15_606.jpg,smoothL
center_2025_04_30_01_06_15_695.jpg,smoothL
center_2025_04_30_01_06_15_776.jpg,smoothL
center_2025_04_30_01_06_15_859.jpg,smoothL
center_2025_04_30_01_06_15_947.jpg,smoothL
center_2025_04_30_01_06_16_036.jpg,smoothL
center_2025_04_30_01_06_16_126.jpg,smoothL
center_2025_04_30_01_06_16_219.jpg,smoothL
center_2025_04_30_01_06_16_307.jpg,smoothL
center_2025_04_30_01_06_16_391.jpg,smoothL
center_2025_04_30_01_06_16_478.jpg,smoothL
center_2025_04_30_01_06_16_563.jpg,smoothL
center_2025_04_30_01_06_16_654.jpg,smoothL
center_2025_04_30_01_06_16_743.jpg,smoothL
center_2025_04_30_01_06_16_820.jpg,smoothL
center_2025_04_30_01_06_16_912.jpg,smoothL
center_2025_04_30_01_06_16_998.jpg,smoothL
center_2025_04_30_01_06_17_087.jpg,smoothL
center_2025_04_30_01_06_17_177.jpg,smoothL
center_2025_04_30_01_06_17_256.jpg,smoothL
center_2025_04_30_01_06_17_336.jpg,smoothL
center_2025_04_30_01_06_17_426.jpg,smoothL
center_2025_04_30_01_06_17_521.jpg,smoothL
center_2025_04_30_01_06_17_600.jpg,smoothL
center_2025_04_30_01_06_17_694.jpg,smoothL
center_2025_04_30_01_06_17_783.jpg,smoothL
center_2025_04_30_01_06_17_881.jpg,smoothL
center_2025_04_30_01_06_17_973.jpg,smoothL
center_2025_04_30_01_06_18_047.jpg,smoothL
center_2025_04_30_01_06_18_145.jpg,hardL
center_2025_04_30_01_06_18_252.jpg,hardL
center_2025_04_30_01_06_18_345.jpg,hardL
center_2025_04_30_01_06_18_444.jpg,hardL
center_2025_04_30_01_06_18_537.jpg,hardL
center_2025_04_30_01_06_18_641.jpg,hardL
center_2025_04_30_01_06_18_742.jpg,hardL
center_2025_04_30_01_06_18_820.jpg,hardL
center_2025_04_30_01_06_18_925.jpg,hardL
center_2025_04_30_01_06_19_024.jpg,hardL
center_2025_04_30_01_06_19_119.jpg,hardL
center_2025_04_30_01_06_19_219.jpg,hardL
center_2025_04_30_01_06_19_300.jpg,hardL
center_2025_04_30_01_06_19_395.jpg,hardL
center_2025_04_30_01_06_19_498.jpg,hardL
center_2025_04_30_01_06_19_594.jpg,hardL
center_2025_04_30_01_06_19_695.jpg,hardL
center_2025_04_30_01_06_19_781.jpg,hardL
center_2025_04_30_01_06_19_871.jpg,hardL
center_2025_04_30_01_06_19_961.jpg,hardL
center_2025_04_30_01_06_20_052.jpg,hardL
center_2025_04_30_01_06_20_144.jpg,hardL
center_2025_04_30_01_06_20_234.jpg,hardL
center_2025_04_30_01_06_20_308.jpg,hardL
center_2025_04_30_01_06_20_393.jpg,hardL
center_2025_04_30_01_06_20_481.jpg,hardL
center_2025_04_30_01_06_20_556.jpg,hardL
center_2025_04_30_01_06_20_637.jpg,hardL
center_2025_04_30_01_06_20_723.jpg,hardL
center_2025_04_30_01_06_20_802.jpg,hardL
center_2025_04_30_01_06_20_893.jpg,hardL
center_2025_04_30_01_06_20_981.jpg,hardL
center_2025_04_30_01_06_21_069.jpg,hardL
center_2025_04_30_01_06_21_141.jpg,hardL
center_2025_04_30_01_06_21_223.jpg,hardL
center_2025_04_30_01_06_21_311.jpg,hardL
center_2025_04_30_01_06_21_409.jpg,hardL
center_2025_04_30_01_06_21_514.jpg,hardL
center_2025_04_30_01_06_21_611.jpg,hardL
center_2025_04_30_01_06_21_707.jpg,hardL
center_2025_04_30_01_06_21_795.jpg,hardL
center_2025_04_30_01_06_21_900.jpg,hardL
center_2025_04_30_01_06_21_999.jpg,hardL
center_2025_04_30_01_06_22_106.jpg,hardL
center_2025_04_30_01_06_22_219.jpg,hardL
center_2025_04_30_01_06_22_317.jpg,hardL
center_2025_04_30_01_06_22_419.jpg,hardL
center_2025_04_30_01_06_22_520.jpg,hardL
center_2025_04_30_01_06_22_604.jpg,hardL
center_2025_04_30_01_06_22_700.jpg,hardL
center_2025_04_30_01_06_22_794.jpg,hardL
center_2025_04_30_01_06_22_895.jpg,hardL
center_2025_04_30_01_06_22_991.jpg,hardL
center_2025_04_30_01_06_23_073.jpg,hardL
center_2025_04_30_01_06_23_152.jpg,hardL
center_2025_04_30_01_06_23_236.jpg,hardL
center_2025_04_30_01_06_23_330.jpg,hardL
center_2025_04_30_01_06_23_418.jpg,hardL
center_2025_04_30_01_06_23_510.jpg,hardL
center_2025_04_30_01_06_23_596.jpg,hardL
center_2025_04_30_01_06_23_682.jpg,hardL
center_2025_04_30_01_06_23_772.jpg,hardL
center_2025_04_30_01_06_23_860.jpg,hardL
center_2025_04_30_01_06_23_950.jpg,hardL
center_2025_04_30_01_06_24_025.jpg,hardL
center_2025_04_30_01_06_24_114.jpg,hardL
center_2025_04_30_01_06_24_195.jpg,hardL
center_2025_04_30_01_06_24_286.jpg,hardL
center_2025_04_30_01_06_24_374.jpg,hardL
center_2025_04_30_01_06_24_465.jpg,hardL
center_2025_04_30_01_06_24_552.jpg,hardL
center_2025_04_30_01_06_24_649.jpg,hardL
center_2025_04_30_01_06_24_728.jpg,hardL
center_2025_04_30_01_06_24_810.jpg,hardL
center_2025_04_30_01_06_24_897.jpg,hardL
center_2025_04_30_01_06_24_981.jpg,hardL
center_2025_04_30_01_06_25_074.jpg,hardL
center_2025_04_30_01_06_25_160.jpg,hardL
center_2025_04_30_01_06_25_243.jpg,hardL
center_2025_04_30_01_06_25_325.jpg,hardL
center_2025_04_30_01_06_25_414.jpg,hardL
center_2025_04_30_01_06_25_502.jpg,hardL
center_2025_04_30_01_06_25_575.jpg,hardL
center_2025_04_30_01_06_25_658.jpg,hardL
center_2025_04_30_01_06_25_741.jpg,hardL
center_2025_04_30_01_06_25_836.jpg,hardL
center_2025_04_30_01_06_25_919.jpg,hardL
center_2025_04_30_01_06_25_997.jpg,hardL
center_2025_04_30_01_06_26_073.jpg,hardL
center_2025_04_30_01_06_26_148.jpg,hardL
center_2025_04_30_01_06_26_227.jpg,hardL
center_2025_04_30_01_06_26_315.jpg,hardL
center_2025_04_30_01_06_26_410.jpg,hardL
center_2025_04_30_01_06_26_510.jpg,hardL
center_2025_04_30_01_06_26_614.jpg,hardL
center_2025_04_30_01_06_26_706.jpg,hardL
center_2025_04_30_01_06_26_785.jpg,hardL
center_2025_04_30_01_06_26_883.jpg,hardL
center_2025_04_30_01_06_26_967.jpg,hardL
center_2025_04_30_01_06_27_067.jpg,hardL
center_2025_04_30_01_06_27_156.jpg,hardL
center_2025_04_30_01_06_27_253.jpg,hardL
center_2025_04_30_01_06_27_349.jpg,hardL
center_2025_04_30_01_06_27_417.jpg,hardL
center_2025_04_30_01_06_27_502.jpg,hardL
center_2025_04_30_01_06_27_589.jpg,hardL
center_2025_04_30_01_06_27_674.jpg,hardL
center_2025_04_30_01_06_27_756.jpg,hardL
center_2025_04_30_01_06_27_834.jpg,hardL
center_2025_04_30_01_06_27_919.jpg,hardL
center_2025_04_30_01_06_28_004.jpg,hardL
center_2025_04_30_01_06_28_090.jpg,hardL
center_2025_04_30_01_06_28_188.jpg,hardL
center_2025_04_30_01_06_28_286.jpg,hardL
center_2025_04_30_01_06_28_385.jpg,hardL
center_2025_04_30_01_06_28_483.jpg,smoothL
center_2025_04_30_01_06_28_586.jpg,smoothL
center_2025_04_30_01_06_28_688.jpg,smoothL
center_2025_04_30_01_06_28_799.jpg,smoothL
center_2025_04_30_01_06_28_892.jpg,smoothL
center_2025_04_30_01_06_29_002.jpg,smoothL
center_2025_04_30_01_06_29_098.jpg,smoothL
center_2025_04_30_01_06_29_197.jpg,smoothL
center_2025_04_30_01_06_29_293.jpg,smoothL
center_2025_04_30_01_06_29_411.jpg,smoothL
center_2025_04_30_01_06_29_500.jpg,smoothL
center_2025_04_30_01_06_29_600.jpg,smoothL
center_2025_04_30_01_06_29_718.jpg,smoothL
center_2025_04_30_01_06_29_809.jpg,smoothL
center_2025_04_30_01_06_29_900.jpg,smoothL
center_2025_04_30_01_06_30_005.jpg,smoothL
center_2025_04_30_01_06_30_112.jpg,smoothL
center_2025_04_30_01_06_30_200.jpg,smoothL
center_2025_04_30_01_06_30_275.jpg,smoothL
center_2025_04_30_01_06_30_363.jpg,smoothL
center_2025_04_30_01_06_30_462.jpg,smoothL
center_2025_04_30_01_06_30_560.jpg,smoothL
center_2025_04_30_01_06_30_647.jpg,smoothL
center_2025_04_30_01_06_30_729.jpg,smoothL
center_2025_04_30_01_06_30_820.jpg,smoothL
center_2025_04_30_01_06_30_929.jpg,smoothL
center_2025_04_30_01_06_31_019.jpg,smoothL
center_2025_04_30_01_06_31_111.jpg,smoothL
center_2025_04_30_01_06_31_197.jpg,smoothL
center_2025_04_30_01_06_31_296.jpg,smoothL
center_2025_04_30_01_06_31_395.jpg,smoothL
center_2025_04_30_01_06_31_492.jpg,smoothL
center_2025_04_30_01_06_31_591.jpg,smoothL
center_2025_04_30_01_06_31_691.jpg,smoothL
center_2025_04_30_01_06_31_800.jpg,smoothL
center_2025_04_30_01_06_31_893.jpg,smoothL
center_2025_04_30_01_06_31_999.jpg,smoothL
center_2025_04_30_01_06_32_085.jpg,smoothL
center_2025_04_30_01_06_32_156.jpg,smoothL
center_2025_04_30_01_06_32_245.jpg,smoothL
center_2025_04_30_01_06_32_344.jpg,smoothL
center_2025_04_30_01_06_32_438.jpg,smoothL
center_2025_04_30_01_06_32_517.jpg,smoothL
center_2025_04_30_01_06_32_617.jpg,smoothL
center_2025_04_30_01_06_32_699.jpg,smoothL
center_2025_04_30_01_06_32_802.jpg,smoothL
center_2025_04_30_01_06_32_909.jpg,smoothL
center_2025_04_30_01_06_33_004.jpg,smoothL
center_2025_04_30_01_06_33_097.jpg,smoothL
center_2025_04_30_01_06_33_205.jpg,smoothL
center_2025_04_30_01_06_33_288.jpg,smoothL
center_2025_04_30_01_06_33_369.jpg,smoothL
center_2025_04_30_01_06_33_453.jpg,smoothL
center_2025_04_30_01_06_33_544.jpg,smoothL
center_2025_04_30_01_06_33_633.jpg,smoothL
center_2025_04_30_01_06_33_718.jpg,smoothL
center_2025_04_30_01_06_33_810.jpg,smoothL
center_2025_04_30_01_06_33_912.jpg,smoothL
center_2025_04_30_01_06_34_015.jpg,smoothL
center_2025_04_30_01_06_34_105.jpg,smoothL
center_2025_04_30_01_06_34_205.jpg,smoothL
center_2025_04_30_01_06_34_301.jpg,smoothL
center_2025_04_30_01_06_34_399.jpg,smoothL
center_2025_04_30_01_06_34_500.jpg,smoothL
center_2025_04_30_01_06_34_604.jpg,smoothL
center_2025_04_30_01_06_34_701.jpg,smoothL
center_2025_04_30_01_06_34_792.jpg,smoothL
center_2025_04_30_01_06_34_893.jpg,smoothL
center_2025_04_30_01_06_34_978.jpg,smoothL
center_2025_04_30_01_06_35_083.jpg,smoothL
center_2025_04_30_01_06_35_178.jpg,smoothL
center_2025_04_30_01_06_35_261.jpg,smoothL
center_2025_04_30_01_06_35_343.jpg,smoothL
center_2025_04_30_01_06_35_429.jpg,smoothL
center_2025_04_30_01_06_35_524.jpg,smoothL
center_2025_04_30_01_06_35_607.jpg,smoothL
center_2025_04_30_01_06_35_687.jpg,smoothL
center_2025_04_30_01_06_35_777.jpg,smoothL
center_2025_04_30_01_06_35_867.jpg,smoothL
center_2025_04_30_01_06_35_960.jpg,smoothL
center_2025_04_30_01_06_36_050.jpg,smoothL
center_2025_04_30_01_06_36_140.jpg,smoothL
center_2025_04_30_01_06_36_253.jpg,smoothL
center_2025_04_30_01_06_36_342.jpg,smoothL
center_2025_04_30_01_06_36_443.jpg,smoothL
center_2025_04_30_01_06_36_554.jpg,smoothL
center_2025_04_30_01_06_36_649.jpg,smoothL
center_2025_04_30_01_06_36_758.jpg,smoothL
center_2025_04_30_01_06_36_859.jpg,smoothL
center_2025_04_30_01_06_36_969.jpg,smoothL
center_2025_04_30_01_06_37_074.jpg,smoothL
center_2025_04_30_01_06_37_179.jpg,smoothL
center_2025_04_30_01_06_37_271.jpg,smoothL
center_2025_04_30_01_06_37_375.jpg,smoothL
center_2025_04_30_01_06_37_473.jpg,smoothL
center_2025_04_30_01_06_37_575.jpg,smoothL
center_2025_04_30_01_06_37_663.jpg,smoothL
center_2025_04_30_01_06_37_739.jpg,smoothL
center_2025_04_30_01_06_37_849.jpg,smoothL
center_2025_04_30_01_06_37_958.jpg,smoothL
center_2025_04_30_01_06_38_059.jpg,smoothL
center_2025_04_30_01_06_38_159.jpg,smoothL
center_2025_04_30_01_06_38_262.jpg,smoothL
center_2025_04_30_01_06_38_360.jpg,smoothL
center_2025_04_30_01_06_38_471.jpg,smoothL
center_2025_04_30_01_06_38_577.jpg,smoothL
center_2025_04_30_01_06_38_678.jpg,smoothL
center_2025_04_30_01_06_38_786.jpg,smoothL
center_2025_04_30_01_06_38_887.jpg,smoothL
center_2025_04_30_01_06_38_985.jpg,smoothL
center_2025_04_30_01_06_39_081.jpg,smoothL
center_2025_04_30_01_06_39_185.jpg,smoothL
center_2025_04_30_01_06_39_279.jpg,smoothL
center_2025_04_30_01_06_39_378.jpg,smoothL
center_2025_04_30_01_06_39_459.jpg,smoothL
center_2025_04_30_01_06_39_556.jpg,smoothL
center_2025_04_30_01_06_39_651.jpg,smoothL
center_2025_04_30_01_06_39_746.jpg,smoothL
center_2025_04_30_01_06_39_837.jpg,smoothL
center_2025_04_30_01_06_39_922.jpg,smoothL
center_2025_04_30_01_06_40_004.jpg,smoothL
center_2025_04_30_01_06_40_099.jpg,smoothL
center_2025_04_30_01_06_40_183.jpg,smoothL
center_2025_04_30_01_06_40_273.jpg,smoothL
center_2025_04_30_01_06_40_354.jpg,smoothL
center_2025_04_30_01_06_40_436.jpg,smoothL
center_2025_04_30_01_06_40_518.jpg,smoothL
center_2025_04_30_01_06_40_588.jpg,smoothL
center_2025_04_30_01_06_40_676.jpg,smoothL
center_2025_04_30_01_06_40_771.jpg,smoothL
center_2025_04_30_01_06_40_862.jpg,smoothL
center_2025_04_30_01_06_40_953.jpg,smoothL
center_2025_04_30_01_06_41_051.jpg,smoothL
center_2025_04_30_01_06_41_158.jpg,smoothL
center_2025_04_30_01_06_41_251.jpg,smoothL
center_2025_04_30_01_06_41_341.jpg,smoothL
center_2025_04_30_01_06_41_419.jpg,smoothL
center_2025_04_30_01_06_41_516.jpg,smoothL
center_2025_04_30_01_06_41_613.jpg,smoothL
center_2025_04_30_01_06_41_702.jpg,smoothL
center_2025_04_30_01_06_41_786.jpg,smoothL
center_2025_04_30_01_06_41_879.jpg,smoothL
center_2025_04_30_01_06_41_964.jpg,smoothL
center_2025_04_30_01_06_42_057.jpg,smoothL
center_2025_04_30_01_06_42_143.jpg,smoothL
center_2025_04_30_01_06_42_232.jpg,smoothL
center_2025_04_30_01_06_42_320.jpg,smoothL
center_2025_04_30_01_06_42_402.jpg,smoothL
center_2025_04_30_01_06_42_477.jpg,smoothL
center_2025_04_30_01_06_42_563.jpg,smoothL
center_2025_04_30_01_06_42_647.jpg,smoothL
center_2025_04_30_01_06_42_740.jpg,smoothL
center_2025_04_30_01_06_42_830.jpg,smoothL
center_2025_04_30_01_06_42_915.jpg,smoothL
center_2025_04_30_01_06_43_008.jpg,smoothL
center_2025_04_30_01_06_43_103.jpg,smoothL
center_2025_04_30_01_06_43_185.jpg,smoothL
center_2025_04_30_01_06_43_272.jpg,smoothL
center_2025_04_30_01_06_43_359.jpg,smoothL
center_2025_04_30_01_06_43_446.jpg,smoothL
center_2025_04_30_01_06_43_538.jpg,smoothL
center_2025_04_30_01_06_43_623.jpg,smoothL
center_2025_04_30_01_06_43_714.jpg,smoothL
center_2025_04_30_01_06_43_807.jpg,smoothL
center_2025_04_30_01_06_43_891.jpg,smoothL
center_2025_04_30_01_06_43_962.jpg,smoothL
center_2025_04_30_01_06_44_041.jpg,smoothL
center_2025_04_30_01_06_44_129.jpg,smoothL
center_2025_04_30_01_06_44_225.jpg,smoothL
center_2025_04_30_01_06_44_308.jpg,smoothL
center_2025_04_30_01_06_44_397.jpg,smoothL
center_2025_04_30_01_06_44_470.jpg,smoothL
center_2025_04_30_01_06_44_566.jpg,smoothL
center_2025_04_30_01_06_44_660.jpg,smoothL
center_2025_04_30_01_06_44_744.jpg,smoothL
center_2025_04_30_01_06_44_836.jpg,smoothL
center_2025_04_30_01_06_44_926.jpg,smoothL
center_2025_04_30_01_06_45_018.jpg,smoothL
center_2025_04_30_01_06_45_107.jpg,smoothL
center_2025_04_30_01_06_45_192.jpg,smoothL
center_2025_04_30_01_06_45_285.jpg,smoothL
center_2025_04_30_01_06_45_382.jpg,smoothL
center_2025_04_30_01_06_45_475.jpg,smoothL
center_2025_04_30_01_06_45_566.jpg,smoothL
center_2025_04_30_01_06_45_653.jpg,smoothL
center_2025_04_30_01_06_45_738.jpg,smoothL
center_2025_04_30_01_06_45_833.jpg,smoothL
center_2025_04_30_01_06_45_917.jpg,smoothL
center_2025_04_30_01_06_46_000.jpg,smoothL
center_2025_04_30_01_06_46_084.jpg,smoothL
center_2025_04_30_01_06_46_187.jpg,smoothL
center_2025_04_30_01_06_46_277.jpg,smoothL
center_2025_04_30_01_06_46_370.jpg,smoothL
center_2025_04_30_01_06_46_459.jpg,smoothL
center_2025_04_30_01_06_46_556.jpg,smoothL
center_2025_04_30_01_06_46_651.jpg,smoothL
center_2025_04_30_01_06_46_741.jpg,smoothL
center_2025_04_30_01_06_46_834.jpg,smoothL
center_2025_04_30_01_06_46_927.jpg,smoothL
center_2025_04_30_01_06_47_020.jpg,smoothL
center_2025_04_30_01_06_47_108.jpg,smoothL
center_2025_04_30_01_06_47_205.jpg,smoothL
center_2025_04_30_01_06_47_300.jpg,smoothL
center_2025_04_30_01_06_47_396.jpg,smoothL
center_2025_04_30_01_06_47_483.jpg,smoothL
center_2025_04_30_01_06_47_576.jpg,smoothL
center_2025_04_30_01_06_47_654.jpg,smoothL
center_2025_04_30_01_06_47_742.jpg,smoothL
center_2025_04_30_01_06_47_829.jpg,smoothL
center_2025_04_30_01_06_47_922.jpg,smoothL
center_2025_04_30_01_06_48_011.jpg,smoothL
center_2025_04_30_01_06_48_101.jpg,smoothL
center_2025_04_30_01_06_48_192.jpg,smoothL
center_2025_04_30_01_06_48_279.jpg,smoothL
center_2025_04_30_01_06_48_376.jpg,smoothL
center_2025_04_30_01_06_48_471.jpg,smoothL
center_2025_04_30_01_06_48_554.jpg,smoothL
center_2025_04_30_01_06_48_641.jpg,smoothL
center_2025_04_30_01_06_48_728.jpg,smoothL
center_2025_04_30_01_06_48_816.jpg,smoothL
center_2025_04_30_01_06_48_907.jpg,smoothL
center_2025_04_30_01_06_48_990.jpg,smoothL
center_2025_04_30_01_06_49_075.jpg,smoothL
center_2025_04_30_01_06_49_157.jpg,smoothL
center_2025_04_30_01_06_49_245.jpg,smoothL
center_2025_04_30_01_06_49_332.jpg,smoothL
center_2025_04_30_01_06_49_418.jpg,smoothL
center_2025_04_30_01_06_49_513.jpg,smoothL
center_2025_04_30_01_06_49_598.jpg,smoothL
center_2025_04_30_01_06_49_687.jpg,smoothL
center_2025_04_30_01_06_49_777.jpg,smoothL
center_2025_04_30_01_06_49_872.jpg,smoothL
center_2025_04_30_01_06_49_961.jpg,smoothL
center_2025_04_30_01_06_50_056.jpg,smoothL
center_2025_04_30_01_06_50_140.jpg,smoothL
center_2025_04_30_01_06_50_221.jpg,smoothL
center_2025_04_30_01_06_50_311.jpg,smoothL
center_2025_04_30_01_06_50_402.jpg,smoothL
center_2025_04_30_01_06_50_488.jpg,smoothL
center_2025_04_30_01_06_50_573.jpg,smoothL
center_2025_04_30_01_06_50_656.jpg,smoothL
center_2025_04_30_01_06_50_740.jpg,smoothL
center_2025_04_30_01_06_50_832.jpg,smoothL
center_2025_04_30_01_06_50_922.jpg,smoothL
center_2025_04_30_01_06_51_005.jpg,smoothL
center_2025_04_30_01_06_51_088.jpg,smoothL
center_2025_04_30_01_06_51_169.jpg,smoothL
center_2025_04_30_01_06_51_263.jpg,smoothL
center_2025_04_30_01_06_51_350.jpg,smoothL
center_2025_04_30_01_06_51_443.jpg,smoothL
center_2025_04_30_01_06_51_522.jpg,smoothL
center_2025_04_30_01_06_51_607.jpg,smoothL
center_2025_04_30_01_06_51_687.jpg,smoothL
center_2025_04_30_01_06_51_779.jpg,smoothL
center_2025_04_30_01_06_51_867.jpg,smoothL
center_2025_04_30_01_06_51_942.jpg,smoothL
center_2025_04_30_01_06_52_035.jpg,smoothL
center_2025_04_30_01_06_52_117.jpg,smoothL
center_2025_04_30_01_06_52_206.jpg,smoothL
center_2025_04_30_01_06_52_293.jpg,smoothL
center_2025_04_30_01_06_52_380.jpg,smoothL
center_2025_04_30_01_06_52_470.jpg,smoothL
center_2025_04_30_01_06_52_556.jpg,smoothL
center_2025_04_30_01_06_52_648.jpg,smoothL
center_2025_04_30_01_06_52_732.jpg,smoothL
center_2025_04_30_01_06_52_821.jpg,smoothL
center_2025_04_30_01_06_52_910.jpg,smoothL
center_2025_04_30_01_06_52_988.jpg,smoothL
center_2025_04_30_01_06_53_072.jpg,smoothL
center_2025_04_30_01_06_53_165.jpg,smoothL
center_2025_04_30_01_06_53_259.jpg,smoothL
center_2025_04_30_01_06_53_349.jpg,smoothL
center_2025_04_30_01_06_53_440.jpg,smoothL
center_2025_04_30_01_06_53_520.jpg,smoothL
center_2025_04_30_01_06_53_603.jpg,smoothL
center_2025_04_30_01_06_53_699.jpg,smoothL
center_2025_04_30_01_06_53_794.jpg,smoothL
center_2025_04_30_01_06_53_877.jpg,smoothL
center_2025_04_30_01_06_53_968.jpg,smoothL
center_2025_04_30_01_06_54_053.jpg,smoothL
center_2025_04_30_01_06_54_149.jpg,smoothL
center_2025_04_30_01_06_54_235.jpg,smoothL
center_2025_04_30_01_06_54_321.jpg,smoothL
center_2025_04_30_01_06_54_418.jpg,smoothL
center_2025_04_30_01_06_54_501.jpg,smoothL
center_2025_04_30_01_06_54_588.jpg,smoothL
center_2025_04_30_01_06_54_666.jpg,smoothL
center_2025_04_30_01_06_54_745.jpg,smoothL
center_2025_04_30_01_06_54_836.jpg,smoothL
center_2025_04_30_01_06_54_930.jpg,smoothL
center_2025_04_30_01_06_55_010.jpg,smoothL
center_2025_04_30_01_06_55_107.jpg,smoothL
center_2025_04_30_01_06_55_195.jpg,smoothL
center_2025_04_30_01_06_55_283.jpg,smoothL
center_2025_04_30_01_06_55_374.jpg,smoothL
center_2025_04_30_01_06_55_459.jpg,smoothL
center_2025_04_30_01_06_55_542.jpg,smoothL
center_2025_04_30_01_06_55_628.jpg,smoothL
center_2025_04_30_01_06_55_718.jpg,smoothL
center_2025_04_30_01_06_55_804.jpg,smoothL
center_2025_04_30_01_06_55_895.jpg,smoothL
center_2025_04_30_01_06_55_980.jpg,smoothL
center_2025_04_30_01_06_56_073.jpg,smoothL
center_2025_04_30_01_06_56_165.jpg,smoothL
center_2025_04_30_01_06_56_254.jpg,smoothL
center_2025_04_30_01_06_56_377.jpg,smoothL
center_2025_04_30_01_06_56_479.jpg,smoothL
center_2025_04_30_01_06_56_562.jpg,smoothL
center_2025_04_30_01_06_56_653.jpg,smoothL
center_2025_04_30_01_06_56_747.jpg,smoothL
center_2025_04_30_01_06_56_833.jpg,smoothL
center_2025_04_30_01_06_56_918.jpg,smoothL
center_2025_04_30_01_06_56_996.jpg,smoothL
center_2025_04_30_01_06_57_084.jpg,smoothL
center_2025_04_30_01_06_57_173.jpg,smoothL
center_2025_04_30_01_06_57_260.jpg,smoothL
center_2025_04_30_01_06_57_341.jpg,smoothL
center_2025_04_30_01_06_57_420.jpg,smoothL
center_2025_04_30_01_06_57_511.jpg,smoothL
center_2025_04_30_01_06_57_600.jpg,smoothL
center_2025_04_30_01_06_57_690.jpg,smoothL
center_2025_04_30_01_06_57_777.jpg,smoothL
center_2025_04_30_01_06_57_857.jpg,smoothL
center_2025_04_30_01_06_57_950.jpg,smoothL
center_2025_04_30_01_06_58_041.jpg,smoothL
center_2025_04_30_01_06_58_136.jpg,smoothL
center_2025_04_30_01_06_58_224.jpg,smoothL
center_2025_04_30_01_06_58_306.jpg,smoothL
center_2025_04_30_01_06_58_402.jpg,smoothL
center_2025_04_30_01_06_58_494.jpg,smoothL
center_2025_04_30_01_06_58_590.jpg,smoothL
center_2025_04_30_01_06_58_685.jpg,smoothL
center_2025_04_30_01_06_58_771.jpg,smoothL
center_2025_04_30_01_06_58_861.jpg,smoothL
center_2025_04_30_01_06_58_951.jpg,smoothL
center_2025_04_30_01_06_59_043.jpg,smoothL
center_2025_04_30_01_06_59_135.jpg,smoothL
center_2025_04_30_01_06_59_220.jpg,smoothL
center_2025_04_30_01_06_59_311.jpg,smoothL
center_2025_04_30_01_06_59_409.jpg,smoothL
center_2025_04_30_01_06_59_503.jpg,smoothL
center_2025_04_30_01_06_59_600.jpg,smoothL
center_2025_04_30_01_06_59_691.jpg,smoothL
center_2025_04_30_01_06_59_807.jpg,smoothL
center_2025_04_30_01_06_59_917.jpg,smoothL
center_2025_04_30_01_07_00_020.jpg,smoothL
center_2025_04_30_01_07_00_119.jpg,smoothL
center_2025_04_30_01_07_00_222.jpg,smoothL
center_2025_04_30_01_07_00_322.jpg,smoothL
center_2025_04_30_01_07_00_419.jpg,smoothL
center_2025_04_30_01_07_00_517.jpg,smoothL
center_2025_04_30_01_07_00_611.jpg,smoothL
center_2025_04_30_01_07_00_708.jpg,smoothL
center_2025_04_30_01_07_00_804.jpg,smoothL
center_2025_04_30_01_07_00_905.jpg,smoothL
center_2025_04_30_01_07_01_005.jpg,smoothL
center_2025_04_30_01_07_01_098.jpg,smoothL
center_2025_04_30_01_07_01_189.jpg,smoothL
center_2025_04_30_01_07_01_286.jpg,smoothL
center_2025_04_30_01_07_01_391.jpg,smoothL
center_2025_04_30_01_07_01_484.jpg,smoothL
center_2025_04_30_01_07_01_595.jpg,smoothL
center_2025_04_30_01_07_01_684.jpg,smoothL
center_2025_04_30_01_07_01_779.jpg,smoothL
center_2025_04_30_01_07_01_870.jpg,smoothL
center_2025_04_30_01_07_01_967.jpg,smoothL
center_2025_04_30_01_07_02_061.jpg,smoothL
center_2025_04_30_01_07_02_149.jpg,smoothL
center_2025_04_30_01_07_02_236.jpg,smoothL
center_2025_04_30_01_07_02_329.jpg,smoothL
center_2025_04_30_01_07_02_413.jpg,smoothL
center_2025_04_30_01_07_02_500.jpg,smoothL
center_2025_04_30_01_07_02_592.jpg,smoothL
center_2025_04_30_01_07_02_691.jpg,smoothL
center_2025_04_30_01_07_02_796.jpg,smoothL
center_2025_04_30_01_07_02_915.jpg,smoothL
center_2025_04_30_01_07_03_028.jpg,smoothL
center_2025_04_30_01_07_03_112.jpg,smoothL
center_2025_04_30_01_07_03_209.jpg,smoothL
center_2025_04_30_01_07_03_302.jpg,smoothL
center_2025_04_30_01_07_03_397.jpg,smoothL
center_2025_04_30_01_07_03_489.jpg,smoothL
center_2025_04_30_01_07_03_581.jpg,smoothL
center_2025_04_30_01_07_03_672.jpg,smoothL
center_2025_04_30_01_07_03_740.jpg,smoothL
center_2025_04_30_01_07_03_835.jpg,smoothL
center_2025_04_30_01_07_03_912.jpg,smoothL
center_2025_04_30_01_07_04_000.jpg,smoothL
center_2025_04_30_01_07_04_098.jpg,smoothL
center_2025_04_30_01_07_04_173.jpg,smoothL
center_2025_04_30_01_07_04_252.jpg,smoothL
center_2025_04_30_01_07_04_340.jpg,smoothL
center_2025_04_30_01_07_04_440.jpg,smoothL
center_2025_04_30_01_07_04_535.jpg,smoothL
center_2025_04_30_01_07_04_617.jpg,smoothL
center_2025_04_30_01_07_04_716.jpg,smoothL
center_2025_04_30_01_07_04_807.jpg,smoothL
center_2025_04_30_01_07_04_906.jpg,smoothL
center_2025_04_30_01_07_05_001.jpg,smoothL
center_2025_04_30_01_07_05_088.jpg,smoothL
center_2025_04_30_01_08_47_416.jpg,smoothL
center_2025_04_30_01_08_47_488.jpg,smoothR
center_2025_04_30_01_08_47_564.jpg,smoothR
center_2025_04_30_01_08_47_632.jpg,smoothR
center_2025_04_30_01_08_47_772.jpg,smoothR
center_2025_04_30_01_08_47_846.jpg,smoothR
center_2025_04_30_01_08_47_967.jpg,smoothR
center_2025_04_30_01_08_48_094.jpg,smoothR
center_2025_04_30_01_08_48_192.jpg,smoothR
center_2025_04_30_01_08_48_315.jpg,smoothR
center_2025_04_30_01_08_48_435.jpg,smoothR
center_2025_04_30_01_08_48_559.jpg,smoothR
center_2025_04_30_01_08_48_681.jpg,smoothR
center_2025_04_30_01_08_48_786.jpg,smoothR
center_2025_04_30_01_08_48_902.jpg,smoothR
center_2025_04_30_01_08_49_023.jpg,smoothR
center_2025_04_30_01_08_49_152.jpg,smoothR
center_2025_04_30_01_08_49_276.jpg,smoothR
center_2025_04_30_01_08_49_347.jpg,smoothR
center_2025_04_30_01_08_49_415.jpg,smoothR
center_2025_04_30_01_08_49_540.jpg,smoothR
center_2025_04_30_01_08_49_669.jpg,smoothR
center_2025_04_30_01_08_49_798.jpg,smoothR
center_2025_04_30_01_08_49_916.jpg,smoothR
center_2025_04_30_01_08_50_038.jpg,smoothR
center_2025_04_30_01_08_50_168.jpg,smoothR
center_2025_04_30_01_08_50_290.jpg,smoothR
center_2025_04_30_01_08_50_404.jpg,smoothR
center_2025_04_30_01_08_50_518.jpg,smoothR
center_2025_04_30_01_08_50_629.jpg,smoothR
center_2025_04_30_01_08_50_743.jpg,smoothR
center_2025_04_30_01_08_50_851.jpg,smoothR
center_2025_04_30_01_08_50_965.jpg,smoothR
center_2025_04_30_01_08_51_069.jpg,smoothR
center_2025_04_30_01_08_51_200.jpg,smoothR
center_2025_04_30_01_08_51_269.jpg,smoothR
center_2025_04_30_01_08_51_339.jpg,smoothR
center_2025_04_30_01_08_51_468.jpg,smoothR
center_2025_04_30_01_08_51_534.jpg,smoothR
center_2025_04_30_01_08_51_601.jpg,smoothR
center_2025_04_30_01_08_51_710.jpg,smoothR
center_2025_04_30_01_08_51_816.jpg,smoothR
center_2025_04_30_01_08_51_920.jpg,smoothR
center_2025_04_30_01_08_52_096.jpg,smoothR
center_2025_04_30_01_08_52_168.jpg,smoothR
center_2025_04_30_01_08_52_292.jpg,smoothR
center_2025_04_30_01_08_52_419.jpg,smoothR
center_2025_04_30_01_08_52_543.jpg,smoothR
center_2025_04_30_01_08_52_676.jpg,smoothR
center_2025_04_30_01_08_52_805.jpg,smoothR
center_2025_04_30_01_08_52_876.jpg,smoothR
center_2025_04_30_01_08_52_957.jpg,smoothR
center_2025_04_30_01_08_53_033.jpg,smoothR
center_2025_04_30_01_08_53_101.jpg,smoothR
center_2025_04_30_01_08_53_177.jpg,smoothR
center_2025_04_30_01_08_53_251.jpg,smoothR
center_2025_04_30_01_08_53_320.jpg,smoothR
center_2025_04_30_01_08_53_388.jpg,smoothR
center_2025_04_30_01_08_53_467.jpg,smoothR
center_2025_04_30_01_08_53_540.jpg,smoothR
center_2025_04_30_01_08_53_680.jpg,smoothR
center_2025_04_30_01_08_53_757.jpg,smoothR
center_2025_04_30_01_08_53_833.jpg,smoothR
center_2025_04_30_01_08_53_905.jpg,smoothR
center_2025_04_30_01_08_53_982.jpg,smoothR
center_2025_04_30_01_08_54_171.jpg,smoothR
center_2025_04_30_01_08_54_316.jpg,smoothR
center_2025_04_30_01_08_54_391.jpg,smoothR
center_2025_04_30_01_08_54_463.jpg,smoothR
center_2025_04_30_01_08_54_569.jpg,smoothR
center_2025_04_30_01_08_54_702.jpg,smoothR
center_2025_04_30_01_08_54_823.jpg,smoothR
center_2025_04_30_01_08_54_936.jpg,smoothR
center_2025_04_30_01_08_55_003.jpg,smoothR
center_2025_04_30_01_08_55_130.jpg,smoothR
center_2025_04_30_01_08_55_201.jpg,smoothR
center_2025_04_30_01_08_55_270.jpg,smoothR
center_2025_04_30_01_08_55_339.jpg,smoothR
center_2025_04_30_01_08_55_479.jpg,smoothR
center_2025_04_30_01_08_55_552.jpg,smoothR
center_2025_04_30_01_08_55_638.jpg,smoothR
center_2025_04_30_01_08_55_710.jpg,smoothR
center_2025_04_30_01_08_55_783.jpg,smoothR
center_2025_04_30_01_08_55_860.jpg,smoothR
center_2025_04_30_01_08_55_935.jpg,smoothR
center_2025_04_30_01_08_56_008.jpg,smoothR
center_2025_04_30_01_08_56_085.jpg,smoothR
center_2025_04_30_01_08_56_155.jpg,smoothR
center_2025_04_30_01_08_56_232.jpg,smoothR
center_2025_04_30_01_08_56_368.jpg,smoothR
center_2025_04_30_01_08_56_502.jpg,smoothR
center_2025_04_30_01_08_56_574.jpg,smoothR
center_2025_04_30_01_08_56_657.jpg,smoothR
center_2025_04_30_01_08_56_779.jpg,smoothR
center_2025_04_30_01_08_56_898.jpg,smoothR
center_2025_04_30_01_08_56_968.jpg,smoothR
center_2025_04_30_01_08_57_037.jpg,smoothR
center_2025_04_30_01_08_57_139.jpg,smoothR
center_2025_04_30_01_08_57_216.jpg,smoothR
center_2025_04_30_01_08_57_288.jpg,smoothR
center_2025_04_30_01_08_57_364.jpg,smoothR
center_2025_04_30_01_08_57_444.jpg,smoothR
center_2025_04_30_01_08_57_518.jpg,smoothR
center_2025_04_30_01_08_57_591.jpg,smoothR
center_2025_04_30_01_08_57_661.jpg,smoothR
center_2025_04_30_01_08_57_730.jpg,smoothR
center_2025_04_30_01_08_57_807.jpg,smoothR
center_2025_04_30_01_08_57_890.jpg,smoothR
center_2025_04_30_01_08_57_966.jpg,smoothR
center_2025_04_30_01_08_58_034.jpg,smoothR
center_2025_04_30_01_08_58_109.jpg,smoothR
center_2025_04_30_01_08_58_182.jpg,smoothR
center_2025_04_30_01_08_58_261.jpg,smoothR
center_2025_04_30_01_08_58_345.jpg,smoothR
center_2025_04_30_01_08_58_413.jpg,smoothR
center_2025_04_30_01_08_58_487.jpg,smoothR
center_2025_04_30_01_08_58_560.jpg,smoothR
center_2025_04_30_01_08_58_704.jpg,smoothR
center_2025_04_30_01_08_58_784.jpg,smoothR
center_2025_04_30_01_08_58_926.jpg,smoothR
center_2025_04_30_01_08_59_001.jpg,smoothR
center_2025_04_30_01_08_59_073.jpg,smoothR
center_2025_04_30_01_08_59_144.jpg,smoothR
center_2025_04_30_01_08_59_217.jpg,smoothR
center_2025_04_30_01_08_59_350.jpg,smoothR
center_2025_04_30_01_08_59_466.jpg,smoothR
center_2025_04_30_01_08_59_534.jpg,smoothR
center_2025_04_30_01_08_59_660.jpg,smoothR
center_2025_04_30_01_08_59_799.jpg,smoothR
center_2025_04_30_01_08_59_866.jpg,smoothR
center_2025_04_30_01_08_59_935.jpg,smoothR
center_2025_04_30_01_09_00_066.jpg,smoothR
center_2025_04_30_01_09_00_184.jpg,smoothR
center_2025_04_30_01_09_00_255.jpg,smoothR
center_2025_04_30_01_09_00_326.jpg,smoothR
center_2025_04_30_01_09_00_396.jpg,smoothR
center_2025_04_30_01_09_00_476.jpg,smoothR
center_2025_04_30_01_09_00_553.jpg,smoothR
center_2025_04_30_01_09_00_623.jpg,smoothR
center_2025_04_30_01_09_00_756.jpg,smoothR
center_2025_04_30_01_09_00_885.jpg,smoothR
center_2025_04_30_01_09_01_014.jpg,smoothR
center_2025_04_30_01_09_01_090.jpg,smoothR
center_2025_04_30_01_09_01_161.jpg,smoothR
center_2025_04_30_01_09_01_233.jpg,smoothR
center_2025_04_30_01_09_01_306.jpg,smoothR
center_2025_04_30_01_09_01_385.jpg,smoothR
center_2025_04_30_01_09_01_458.jpg,smoothR
center_2025_04_30_01_09_01_533.jpg,smoothR
center_2025_04_30_01_09_01_602.jpg,smoothR
center_2025_04_30_01_09_01_675.jpg,smoothR
center_2025_04_30_01_09_01_752.jpg,smoothR
center_2025_04_30_01_09_01_831.jpg,smoothR
center_2025_04_30_01_09_01_901.jpg,smoothR
center_2025_04_30_01_09_01_971.jpg,smoothR
center_2025_04_30_01_09_02_101.jpg,smoothR
center_2025_04_30_01_09_02_170.jpg,smoothR
center_2025_04_30_01_09_02_300.jpg,smoothR
center_2025_04_30_01_09_02_370.jpg,smoothR
center_2025_04_30_01_09_02_440.jpg,smoothR
center_2025_04_30_01_09_02_568.jpg,smoothR
center_2025_04_30_01_09_02_683.jpg,smoothR
center_2025_04_30_01_09_02_785.jpg,smoothR
center_2025_04_30_01_09_02_897.jpg,smoothR
center_2025_04_30_01_09_03_014.jpg,smoothR
center_2025_04_30_01_09_03_109.jpg,smoothR
center_2025_04_30_01_09_03_227.jpg,smoothR
center_2025_04_30_01_09_03_346.jpg,smoothR
center_2025_04_30_01_09_03_468.jpg,smoothR
center_2025_04_30_01_09_03_601.jpg,smoothR
center_2025_04_30_01_09_03_668.jpg,smoothR
center_2025_04_30_01_09_03_736.jpg,smoothR
center_2025_04_30_01_09_03_810.jpg,smoothR
center_2025_04_30_01_09_03_879.jpg,smoothR
center_2025_04_30_01_09_03_987.jpg,smoothR
center_2025_04_30_01_09_04_096.jpg,smoothR
center_2025_04_30_01_09_04_220.jpg,smoothR
center_2025_04_30_01_09_04_352.jpg,smoothR
center_2025_04_30_01_09_04_420.jpg,smoothR
center_2025_04_30_01_09_04_498.jpg,smoothR
center_2025_04_30_01_09_04_572.jpg,smoothR
center_2025_04_30_01_09_04_641.jpg,smoothR
center_2025_04_30_01_09_04_713.jpg,smoothR
center_2025_04_30_01_09_04_781.jpg,smoothR
center_2025_04_30_01_09_04_848.jpg,smoothR
center_2025_04_30_01_09_04_979.jpg,smoothR
center_2025_04_30_01_09_05_046.jpg,smoothR
center_2025_04_30_01_09_05_116.jpg,smoothR
center_2025_04_30_01_09_05_190.jpg,smoothR
center_2025_04_30_01_09_05_266.jpg,smoothR
center_2025_04_30_01_09_05_345.jpg,smoothR
center_2025_04_30_01_09_05_418.jpg,smoothR
center_2025_04_30_01_09_05_501.jpg,smoothR
center_2025_04_30_01_09_05_577.jpg,smoothR
center_2025_04_30_01_09_05_650.jpg,smoothR
center_2025_04_30_01_09_05_729.jpg,smoothR
center_2025_04_30_01_09_05_815.jpg,smoothR
center_2025_04_30_01_09_05_937.jpg,smoothR
center_2025_04_30_01_09_06_063.jpg,smoothR
center_2025_04_30_01_09_06_204.jpg,smoothR
center_2025_04_30_01_09_06_277.jpg,smoothR
center_2025_04_30_01_09_06_350.jpg,smoothR
center_2025_04_30_01_09_06_417.jpg,smoothR
center_2025_04_30_01_09_06_543.jpg,smoothR
center_2025_04_30_01_09_06_663.jpg,smoothR
center_2025_04_30_01_09_06_740.jpg,smoothR
center_2025_04_30_01_09_06_809.jpg,smoothR
center_2025_04_30_01_09_06_885.jpg,smoothR
center_2025_04_30_01_09_06_956.jpg,smoothR
center_2025_04_30_01_09_07_033.jpg,smoothR
center_2025_04_30_01_09_07_102.jpg,smoothR
center_2025_04_30_01_09_07_179.jpg,smoothR
center_2025_04_30_01_09_07_252.jpg,smoothR
center_2025_04_30_01_09_07_326.jpg,smoothR
center_2025_04_30_01_09_07_396.jpg,smoothR
center_2025_04_30_01_09_07_473.jpg,smoothR
center_2025_04_30_01_09_07_552.jpg,smoothR
center_2025_04_30_01_09_07_627.jpg,smoothR
center_2025_04_30_01_09_07_703.jpg,smoothR
center_2025_04_30_01_09_07_770.jpg,smoothR
center_2025_04_30_01_09_07_890.jpg,smoothR
center_2025_04_30_01_09_08_025.jpg,smoothR
center_2025_04_30_01_09_08_100.jpg,smoothR
center_2025_04_30_01_09_08_172.jpg,smoothR
center_2025_04_30_01_09_08_240.jpg,smoothR
center_2025_04_30_01_09_08_314.jpg,smoothR
center_2025_04_30_01_09_08_385.jpg,smoothR
center_2025_04_30_01_09_08_458.jpg,smoothR
center_2025_04_30_01_09_08_599.jpg,smoothR
center_2025_04_30_01_09_08_668.jpg,smoothR
center_2025_04_30_01_09_08_736.jpg,smoothR
center_2025_04_30_01_09_08_810.jpg,smoothR
center_2025_04_30_01_09_08_881.jpg,smoothR
center_2025_04_30_01_09_08_951.jpg,smoothR
center_2025_04_30_01_09_09_023.jpg,smoothR
center_2025_04_30_01_09_09_141.jpg,smoothR
center_2025_04_30_01_09_09_266.jpg,smoothR
center_2025_04_30_01_09_09_335.jpg,smoothR
center_2025_04_30_01_09_09_404.jpg,smoothR
center_2025_04_30_01_09_09_538.jpg,smoothR
center_2025_04_30_01_09_09_611.jpg,smoothR
center_2025_04_30_01_09_09_682.jpg,smoothR
center_2025_04_30_01_09_09_751.jpg,smoothR
center_2025_04_30_01_09_09_820.jpg,smoothR
center_2025_04_30_01_09_09_953.jpg,smoothR
center_2025_04_30_01_09_10_029.jpg,smoothR
center_2025_04_30_01_09_10_104.jpg,smoothR
center_2025_04_30_01_09_10_181.jpg,smoothR
center_2025_04_30_01_09_10_264.jpg,smoothR
center_2025_04_30_01_09_10_345.jpg,smoothR
center_2025_04_30_01_09_10_424.jpg,smoothR
center_2025_04_30_01_09_10_544.jpg,smoothR
center_2025_04_30_01_09_10_614.jpg,smoothR
center_2025_04_30_01_09_10_748.jpg,smoothR
center_2025_04_30_01_09_10_821.jpg,smoothR
center_2025_04_30_01_09_10_944.jpg,smoothR
center_2025_04_30_01_09_11_066.jpg,smoothR
center_2025_04_30_01_09_11_196.jpg,smoothR
center_2025_04_30_01_09_11_263.jpg,smoothR
center_2025_04_30_01_09_11_387.jpg,smoothR
center_2025_04_30_01_09_11_492.jpg,smoothR
center_2025_04_30_01_09_11_587.jpg,smoothR
center_2025_04_30_01_09_11_686.jpg,smoothR
center_2025_04_30_01_09_11_786.jpg,smoothR
center_2025_04_30_01_09_11_904.jpg,smoothR
center_2025_04_30_01_09_12_022.jpg,smoothR
center_2025_04_30_01_09_12_135.jpg,smoothR
center_2025_04_30_01_09_12_234.jpg,smoothR
center_2025_04_30_01_09_12_333.jpg,smoothR
center_2025_04_30_01_09_12_424.jpg,smoothR
center_2025_04_30_01_09_12_512.jpg,smoothR
center_2025_04_30_01_09_12_621.jpg,smoothR
center_2025_04_30_01_09_12_736.jpg,smoothR
center_2025_04_30_01_09_12_836.jpg,smoothR
center_2025_04_30_01_09_12_952.jpg,smoothR
center_2025_04_30_01_09_13_082.jpg,smoothR
center_2025_04_30_01_09_13_201.jpg,smoothR
center_2025_04_30_01_09_13_317.jpg,smoothR
center_2025_04_30_01_09_13_424.jpg,smoothR
center_2025_04_30_01_09_13_511.jpg,smoothR
center_2025_04_30_01_09_13_597.jpg,smoothR
center_2025_04_30_01_09_13_696.jpg,smoothR
center_2025_04_30_01_09_13_791.jpg,smoothR
center_2025_04_30_01_09_13_901.jpg,smoothR
center_2025_04_30_01_09_14_000.jpg,smoothR
center_2025_04_30_01_09_14_098.jpg,smoothR
center_2025_04_30_01_09_14_192.jpg,smoothR
center_2025_04_30_01_09_14_298.jpg,smoothR
center_2025_04_30_01_09_14_404.jpg,smoothR
center_2025_04_30_01_09_14_476.jpg,smoothR
center_2025_04_30_01_09_14_578.jpg,smoothR
center_2025_04_30_01_09_14_683.jpg,smoothR
center_2025_04_30_01_09_14_795.jpg,smoothR
center_2025_04_30_01_09_14_900.jpg,smoothR
center_2025_04_30_01_09_14_989.jpg,smoothR
center_2025_04_30_01_09_15_078.jpg,smoothR
center_2025_04_30_01_09_15_166.jpg,smoothR
center_2025_04_30_01_09_15_266.jpg,smoothR
center_2025_04_30_01_09_15_366.jpg,smoothR
center_2025_04_30_01_09_15_460.jpg,smoothR
center_2025_04_30_01_09_15_558.jpg,smoothR
center_2025_04_30_01_09_15_654.jpg,smoothR
center_2025_04_30_01_09_15_752.jpg,smoothR
center_2025_04_30_01_09_15_843.jpg,smoothR
center_2025_04_30_01_09_15_918.jpg,smoothR
center_2025_04_30_01_09_16_018.jpg,smoothR
center_2025_04_30_01_09_16_130.jpg,smoothR
center_2025_04_30_01_09_16_229.jpg,smoothR
center_2025_04_30_01_09_16_350.jpg,smoothR
center_2025_04_30_01_09_16_462.jpg,smoothR
center_2025_04_30_01_09_16_567.jpg,smoothR
center_2025_04_30_01_09_16_680.jpg,smoothR
center_2025_04_30_01_09_16_786.jpg,smoothR
center_2025_04_30_01_09_16_890.jpg,smoothR
center_2025_04_30_01_09_16_989.jpg,smoothR
center_2025_04_30_01_09_17_086.jpg,smoothR
center_2025_04_30_01_09_17_204.jpg,smoothR
center_2025_04_30_01_09_17_300.jpg,smoothR
center_2025_04_30_01_09_17_411.jpg,smoothR
center_2025_04_30_01_09_17_528.jpg,smoothR
center_2025_04_30_01_09_17_632.jpg,smoothR
center_2025_04_30_01_09_17_750.jpg,smoothR
center_2025_04_30_01_09_17_867.jpg,smoothR
center_2025_04_30_01_09_17_976.jpg,smoothR
center_2025_04_30_01_09_18_085.jpg,smoothR
center_2025_04_30_01_09_18_186.jpg,smoothR
center_2025_04_30_01_09_18_262.jpg,smoothR
center_2025_04_30_01_09_18_360.jpg,smoothR
center_2025_04_30_01_09_18_457.jpg,smoothR
center_2025_04_30_01_09_18_567.jpg,smoothR
center_2025_04_30_01_09_18_670.jpg,smoothR
center_2025_04_30_01_09_18_777.jpg,smoothR
center_2025_04_30_01_09_18_857.jpg,smoothR
center_2025_04_30_01_09_18_956.jpg,smoothR
center_2025_04_30_01_09_19_061.jpg,smoothR
center_2025_04_30_01_09_19_169.jpg,smoothR
center_2025_04_30_01_09_19_246.jpg,smoothR
center_2025_04_30_01_09_19_343.jpg,smoothR
center_2025_04_30_01_09_19_438.jpg,smoothR
center_2025_04_30_01_09_19_539.jpg,smoothR
center_2025_04_30_01_09_19_633.jpg,smoothR
center_2025_04_30_01_09_19_738.jpg,smoothR
center_2025_04_30_01_09_19_812.jpg,smoothR
center_2025_04_30_01_09_19_917.jpg,smoothR
center_2025_04_30_01_09_20_027.jpg,smoothR
center_2025_04_30_01_09_20_120.jpg,smoothR
center_2025_04_30_01_09_20_202.jpg,smoothR
center_2025_04_30_01_09_20_294.jpg,smoothR
center_2025_04_30_01_09_20_391.jpg,smoothR
center_2025_04_30_01_09_20_492.jpg,smoothR
center_2025_04_30_01_09_20_601.jpg,smoothR
center_2025_04_30_01_09_20_708.jpg,smoothR
center_2025_04_30_01_09_20_808.jpg,smoothR
center_2025_04_30_01_09_20_904.jpg,smoothR
center_2025_04_30_01_09_20_990.jpg,smoothR
center_2025_04_30_01_09_21_084.jpg,smoothR
center_2025_04_30_01_09_21_174.jpg,smoothR
center_2025_04_30_01_09_21_272.jpg,smoothR
center_2025_04_30_01_09_21_387.jpg,smoothR
center_2025_04_30_01_09_21_482.jpg,smoothR
center_2025_04_30_01_09_21_596.jpg,smoothR
center_2025_04_30_01_09_21_711.jpg,smoothR
center_2025_04_30_01_09_21_837.jpg,smoothR
center_2025_04_30_01_09_21_946.jpg,smoothR
center_2025_04_30_01_09_22_065.jpg,smoothR
center_2025_04_30_01_09_22_191.jpg,smoothR
center_2025_04_30_01_09_22_312.jpg,smoothR
center_2025_04_30_01_09_22_431.jpg,smoothR
center_2025_04_30_01_09_22_556.jpg,smoothR
center_2025_04_30_01_09_22_653.jpg,smoothR
center_2025_04_30_01_09_22_776.jpg,smoothR
center_2025_04_30_01_09_22_894.jpg,smoothR
center_2025_04_30_01_09_23_010.jpg,hardR
center_2025_04_30_01_09_23_112.jpg,hardR
center_2025_04_30_01_09_23_225.jpg,hardR
center_2025_04_30_01_09_23_342.jpg,smoothR
center_2025_04_30_01_09_23_438.jpg,smoothR
center_2025_04_30_01_09_23_559.jpg,hardR
center_2025_04_30_01_09_23_674.jpg,hardR
center_2025_04_30_01_09_23_800.jpg,hardR
center_2025_04_30_01_09_23_928.jpg,hardR
center_2025_04_30_01_09_24_037.jpg,hardR
center_2025_04_30_01_09_24_137.jpg,smoothR
center_2025_04_30_01_09_24_241.jpg,smoothR
center_2025_04_30_01_09_24_348.jpg,smoothR
center_2025_04_30_01_09_24_458.jpg,hardR
center_2025_04_30_01_09_24_548.jpg,hardR
center_2025_04_30_01_09_24_670.jpg,hardR
center_2025_04_30_01_09_24_790.jpg,hardR
center_2025_04_30_01_09_24_907.jpg,hardR
center_2025_04_30_01_09_25_020.jpg,smoothR
center_2025_04_30_01_09_25_137.jpg,smoothR
center_2025_04_30_01_09_25_270.jpg,hardR
center_2025_04_30_01_09_25_389.jpg,hardR
center_2025_04_30_01_09_25_459.jpg,smoothR
center_2025_04_30_01_09_25_588.jpg,hardR
center_2025_04_30_01_09_25_709.jpg,smoothR
center_2025_04_30_01_09_25_777.jpg,hardR
center_2025_04_30_01_09_25_884.jpg,hardR
center_2025_04_30_01_09_25_993.jpg,hardR
center_2025_04_30_01_09_26_108.jpg,hardR
center_2025_04_30_01_09_26_215.jpg,hardR
center_2025_04_30_01_09_26_316.jpg,hardR
center_2025_04_30_01_09_26_414.jpg,hardR
center_2025_04_30_01_09_26_517.jpg,hardR
center_2025_04_30_01_09_26_627.jpg,hardR
center_2025_04_30_01_09_26_753.jpg,hardR
center_2025_04_30_01_09_26_870.jpg,hardR
center_2025_04_30_01_09_26_997.jpg,hardR
center_2025_04_30_01_09_27_112.jpg,hardR
center_2025_04_30_01_09_27_231.jpg,hardR
center_2025_04_30_01_09_27_349.jpg,hardR
center_2025_04_30_01_09_27_466.jpg,hardR
center_2025_04_30_01_09_27_597.jpg,hardR
center_2025_04_30_01_09_27_716.jpg,hardR
center_2025_04_30_01_09_27_850.jpg,hardR
center_2025_04_30_01_09_27_979.jpg,hardR
center_2025_04_30_01_09_28_084.jpg,hardR
center_2025_04_30_01_09_28_215.jpg,hardR
center_2025_04_30_01_09_28_281.jpg,hardR
center_2025_04_30_01_09_28_387.jpg,hardR
center_2025_04_30_01_09_28_509.jpg,hardR
center_2025_04_30_01_09_28_624.jpg,hardR
center_2025_04_30_01_09_28_748.jpg,hardR
center_2025_04_30_01_09_28_818.jpg,hardR
center_2025_04_30_01_09_28_926.jpg,hardR
center_2025_04_30_01_09_29_040.jpg,hardR
center_2025_04_30_01_09_29_164.jpg,hardR
center_2025_04_30_01_09_29_284.jpg,hardR
center_2025_04_30_01_09_29_380.jpg,hardR
center_2025_04_30_01_09_29_479.jpg,hardR
center_2025_04_30_01_09_29_600.jpg,hardR
center_2025_04_30_01_09_29_728.jpg,hardR
center_2025_04_30_01_09_29_849.jpg,hardR
center_2025_04_30_01_09_29_955.jpg,hardR
center_2025_04_30_01_09_30_091.jpg,hardR
center_2025_04_30_01_09_30_159.jpg,hardR
center_2025_04_30_01_09_30_298.jpg,hardR
center_2025_04_30_01_09_30_440.jpg,hardR
center_2025_04_30_01_09_30_559.jpg,hardR
center_2025_04_30_01_09_30_676.jpg,hardR
center_2025_04_30_01_09_30_743.jpg,hardR
center_2025_04_30_01_09_30_811.jpg,hardR
center_2025_04_30_01_09_30_939.jpg,hardR
center_2025_04_30_01_09_31_053.jpg,hardR
center_2025_04_30_01_09_31_168.jpg,hardR
center_2025_04_30_01_09_31_241.jpg,hardR
center_2025_04_30_01_09_31_376.jpg,hardR
center_2025_04_30_01_09_31_444.jpg,hardR
center_2025_04_30_01_09_31_554.jpg,hardR
center_2025_04_30_01_09_31_666.jpg,smoothR
center_2025_04_30_01_09_31_786.jpg,smoothR
center_2025_04_30_01_09_31_893.jpg,smoothR
center_2025_04_30_01_09_31_988.jpg,smoothR
center_2025_04_30_01_09_32_084.jpg,smoothR
center_2025_04_30_01_09_32_169.jpg,smoothR
center_2025_04_30_01_09_32_250.jpg,smoothR
center_2025_04_30_01_09_32_348.jpg,smoothR
center_2025_04_30_01_09_32_444.jpg,smoothR
center_2025_04_30_01_09_32_531.jpg,smoothR
center_2025_04_30_01_09_32_617.jpg,smoothR
center_2025_04_30_01_09_32_711.jpg,smoothR
center_2025_04_30_01_09_32_804.jpg,smoothR
center_2025_04_30_01_09_32_898.jpg,smoothR
center_2025_04_30_01_09_32_985.jpg,smoothR
center_2025_04_30_01_09_33_070.jpg,smoothR
center_2025_04_30_01_09_33_164.jpg,smoothR
center_2025_04_30_01_09_33_308.jpg,smoothR
center_2025_04_30_01_09_33_434.jpg,smoothR
center_2025_04_30_01_09_33_505.jpg,smoothR
center_2025_04_30_01_09_33_635.jpg,smoothR
center_2025_04_30_01_09_33_761.jpg,smoothR
center_2025_04_30_01_09_33_883.jpg,smoothR
center_2025_04_30_01_09_34_013.jpg,smoothR
center_2025_04_30_01_09_34_129.jpg,smoothR
center_2025_04_30_01_09_34_228.jpg,smoothR
center_2025_04_30_01_09_34_325.jpg,smoothR
center_2025_04_30_01_09_34_431.jpg,smoothR
center_2025_04_30_01_09_34_529.jpg,smoothR
center_2025_04_30_01_09_34_626.jpg,smoothR
center_2025_04_30_01_09_34_714.jpg,smoothR
center_2025_04_30_01_09_34_807.jpg,smoothR
center_2025_04_30_01_09_34_910.jpg,smoothR
center_2025_04_30_01_09_35_025.jpg,straight
center_2025_04_30_01_09_35_136.jpg,straight
center_2025_04_30_01_09_35_238.jpg,straight
center_2025_04_30_01_09_35_350.jpg,straight
center_2025_04_30_01_09_35_465.jpg,straight
center_2025_04_30_01_09_35_583.jpg,straight
center_2025_04_30_01_09_35_684.jpg,straight
center_2025_04_30_01_09_35_787.jpg,straight
center_2025_04_30_01_09_35_882.jpg,straight
center_2025_04_30_01_09_35_987.jpg,straight
center_2025_04_30_01_09_36_085.jpg,straight
center_2025_04_30_01_09_36_181.jpg,straight
center_2025_04_30_01_09_36_288.jpg,straight
center_2025_04_30_01_09_36_441.jpg,straight
center_2025_04_30_01_09_36_554.jpg,straight
center_2025_04_30_01_09_36_648.jpg,straight
center_2025_04_30_01_09_36_747.jpg,straight
center_2025_04_30_01_09_36_846.jpg,straight
center_2025_04_30_01_09_36_918.jpg,straight
center_2025_04_30_01_09_36_998.jpg,straight
center_2025_04_30_01_09_37_106.jpg,straight
center_2025_04_30_01_09_37_218.jpg,straight
center_2025_04_30_01_09_37_339.jpg,straight
center_2025_04_30_01_09_37_454.jpg,straight
center_2025_04_30_01_09_37_556.jpg,straight
center_2025_04_30_01_09_37_679.jpg,straight
center_2025_04_30_01_09_37_783.jpg,straight
center_2025_04_30_01_09_37_889.jpg,straight
center_2025_04_30_01_09_38_003.jpg,straight
center_2025_04_30_01_09_38_111.jpg,straight
center_2025_04_30_01_09_38_224.jpg,straight
center_2025_04_30_01_09_38_337.jpg,straight
center_2025_04_30_01_09_38_429.jpg,straight
center_2025_04_30_01_09_38_521.jpg,straight
center_2025_04_30_01_09_38_616.jpg,straight
center_2025_04_30_01_09_38_700.jpg,straight
center_2025_04_30_01_09_38_793.jpg,straight
center_2025_04_30_01_09_38_889.jpg,straight
center_2025_04_30_01_09_38_983.jpg,straight
center_2025_04_30_01_09_39_075.jpg,straight
center_2025_04_30_01_09_39_168.jpg,straight
center_2025_04_30_01_09_39_262.jpg,straight
center_2025_04_30_01_09_39_351.jpg,straight
center_2025_04_30_01_09_39_435.jpg,straight
center_2025_04_30_01_09_39_530.jpg,straight
center_2025_04_30_01_09_39_619.jpg,straight
center_2025_04_30_01_09_39_727.jpg,straight
center_2025_04_30_01_09_39_826.jpg,straight
center_2025_04_30_01_09_39_913.jpg,straight
center_2025_04_30_01_09_39_998.jpg,straight
center_2025_04_30_01_09_40_089.jpg,straight
center_2025_04_30_01_09_40_165.jpg,straight
center_2025_04_30_01_09_40_262.jpg,straight
center_2025_04_30_01_09_40_356.jpg,straight
center_2025_04_30_01_09_40_453.jpg,straight
center_2025_04_30_01_09_40_538.jpg,straight
center_2025_04_30_01_09_40_625.jpg,straight
center_2025_04_30_01_09_40_714.jpg,straight
center_2025_04_30_01_09_40_808.jpg,straight
center_2025_04_30_01_09_40_895.jpg,straight
center_2025_04_30_01_09_40_991.jpg,straight
center_2025_04_30_01_09_41_079.jpg,straight
center_2025_04_30_01_09_41_168.jpg,straight
center_2025_04_30_01_09_41_254.jpg,straight
center_2025_04_30_01_09_41_350.jpg,straight
center_2025_04_30_01_09_41_445.jpg,straight
center_2025_04_30_01_09_41_528.jpg,straight
center_2025_04_30_01_09_41_614.jpg,straight
center_2025_04_30_01_09_41_702.jpg,straight
center_2025_04_30_01_09_41_789.jpg,straight
center_2025_04_30_01_09_41_882.jpg,straight
center_2025_04_30_01_09_41_978.jpg,straight
center_2025_04_30_01_09_42_062.jpg,straight
center_2025_04_30_01_09_42_156.jpg,straight
center_2025_04_30_01_09_42_246.jpg,straight
center_2025_04_30_01_09_42_338.jpg,straight
center_2025_04_30_01_09_42_421.jpg,straight
center_2025_04_30_01_09_42_507.jpg,straight
center_2025_04_30_01_09_42_596.jpg,straight
center_2025_04_30_01_09_42_686.jpg,straight
center_2025_04_30_01_09_42_778.jpg,straight
center_2025_04_30_01_09_42_873.jpg,straight
center_2025_04_30_01_09_42_961.jpg,straight
center_2025_04_30_01_09_43_044.jpg,straight
center_2025_04_30_01_09_43_123.jpg,straight
center_2025_04_30_01_09_43_203.jpg,straight
center_2025_04_30_01_09_43_293.jpg,straight
center_2025_04_30_01_09_43_373.jpg,straight
center_2025_04_30_01_09_43_452.jpg,straight
center_2025_04_30_01_09_43_533.jpg,straight
center_2025_04_30_01_09_43_749.jpg,straight
