Image Filename,Lane
center_2025_04_30_01_05_54_480.jpg,left
center_2025_04_30_01_05_54_582.jpg,left
center_2025_04_30_01_05_54_698.jpg,left
center_2025_04_30_01_05_54_790.jpg,left
center_2025_04_30_01_05_54_875.jpg,left
center_2025_04_30_01_05_54_993.jpg,left
center_2025_04_30_01_05_55_102.jpg,left
center_2025_04_30_01_05_55_195.jpg,left
center_2025_04_30_01_05_55_305.jpg,left
center_2025_04_30_01_05_55_393.jpg,left
center_2025_04_30_01_05_55_495.jpg,left
center_2025_04_30_01_05_55_608.jpg,left
center_2025_04_30_01_05_55_695.jpg,left
center_2025_04_30_01_05_55_817.jpg,left
center_2025_04_30_01_05_55_935.jpg,left
center_2025_04_30_01_05_56_027.jpg,left
center_2025_04_30_01_05_56_121.jpg,left
center_2025_04_30_01_05_56_208.jpg,left
center_2025_04_30_01_05_56_314.jpg,left
center_2025_04_30_01_05_56_427.jpg,left
center_2025_04_30_01_05_56_523.jpg,left
center_2025_04_30_01_05_56_642.jpg,left
center_2025_04_30_01_05_56_743.jpg,left
center_2025_04_30_01_05_56_859.jpg,left
center_2025_04_30_01_05_56_954.jpg,left
center_2025_04_30_01_05_57_039.jpg,left
center_2025_04_30_01_05_57_147.jpg,left
center_2025_04_30_01_05_57_262.jpg,left
center_2025_04_30_01_05_57_383.jpg,left
center_2025_04_30_01_05_57_477.jpg,center
center_2025_04_30_01_05_57_579.jpg,center
center_2025_04_30_01_05_57_705.jpg,center
center_2025_04_30_01_05_57_812.jpg,center
center_2025_04_30_01_05_57_918.jpg,center
center_2025_04_30_01_05_58_015.jpg,right
center_2025_04_30_01_05_58_115.jpg,right
center_2025_04_30_01_05_58_226.jpg,right
center_2025_04_30_01_05_58_332.jpg,right
center_2025_04_30_01_05_58_453.jpg,right
center_2025_04_30_01_05_58_563.jpg,right
center_2025_04_30_01_05_58_678.jpg,right
center_2025_04_30_01_05_58_800.jpg,right
center_2025_04_30_01_05_58_934.jpg,right
center_2025_04_30_01_05_59_051.jpg,right
center_2025_04_30_01_05_59_123.jpg,right
center_2025_04_30_01_05_59_252.jpg,right
center_2025_04_30_01_05_59_369.jpg,right
center_2025_04_30_01_05_59_464.jpg,right
center_2025_04_30_01_05_59_547.jpg,right
center_2025_04_30_01_05_59_640.jpg,right
center_2025_04_30_01_05_59_738.jpg,right
center_2025_04_30_01_05_59_837.jpg,right
center_2025_04_30_01_05_59_931.jpg,right
center_2025_04_30_01_06_00_040.jpg,right
center_2025_04_30_01_06_00_148.jpg,right
center_2025_04_30_01_06_00_255.jpg,right
center_2025_04_30_01_06_00_353.jpg,right
center_2025_04_30_01_06_00_456.jpg,right
center_2025_04_30_01_06_00_557.jpg,right
center_2025_04_30_01_06_00_664.jpg,right
center_2025_04_30_01_06_00_768.jpg,right
center_2025_04_30_01_06_00_881.jpg,right
center_2025_04_30_01_06_00_994.jpg,right
center_2025_04_30_01_06_01_093.jpg,right
center_2025_04_30_01_06_01_200.jpg,right
center_2025_04_30_01_06_01_310.jpg,right
center_2025_04_30_01_06_01_400.jpg,right
center_2025_04_30_01_06_01_492.jpg,right
center_2025_04_30_01_06_01_591.jpg,right
center_2025_04_30_01_06_01_705.jpg,right
center_2025_04_30_01_06_01_813.jpg,right
center_2025_04_30_01_06_01_924.jpg,right
center_2025_04_30_01_06_02_034.jpg,right
center_2025_04_30_01_06_02_150.jpg,right
center_2025_04_30_01_06_02_253.jpg,right
center_2025_04_30_01_06_02_343.jpg,right
center_2025_04_30_01_06_02_449.jpg,right
center_2025_04_30_01_06_02_556.jpg,right
center_2025_04_30_01_06_02_657.jpg,right
center_2025_04_30_01_06_02_750.jpg,right
center_2025_04_30_01_06_02_853.jpg,right
center_2025_04_30_01_06_02_965.jpg,right
center_2025_04_30_01_06_03_075.jpg,right
center_2025_04_30_01_06_03_176.jpg,right
center_2025_04_30_01_06_03_280.jpg,right
center_2025_04_30_01_06_03_384.jpg,right
center_2025_04_30_01_06_03_469.jpg,right
center_2025_04_30_01_06_03_558.jpg,right
center_2025_04_30_01_06_03_660.jpg,right
center_2025_04_30_01_06_03_762.jpg,right
center_2025_04_30_01_06_03_854.jpg,right
center_2025_04_30_01_06_03_943.jpg,center
center_2025_04_30_01_06_04_042.jpg,center
center_2025_04_30_01_06_04_141.jpg,center
center_2025_04_30_01_06_04_232.jpg,center
center_2025_04_30_01_06_04_326.jpg,left
center_2025_04_30_01_06_04_400.jpg,left
center_2025_04_30_01_06_04_498.jpg,left
center_2025_04_30_01_06_04_601.jpg,left
center_2025_04_30_01_06_04_718.jpg,left
center_2025_04_30_01_06_04_832.jpg,left
center_2025_04_30_01_06_04_924.jpg,left
center_2025_04_30_01_06_05_034.jpg,left
center_2025_04_30_01_06_05_133.jpg,left
center_2025_04_30_01_06_05_236.jpg,left
center_2025_04_30_01_06_05_358.jpg,left
center_2025_04_30_01_06_05_470.jpg,left
center_2025_04_30_01_06_05_583.jpg,left
center_2025_04_30_01_06_05_679.jpg,left
center_2025_04_30_01_06_05_785.jpg,left
center_2025_04_30_01_06_05_904.jpg,left
center_2025_04_30_01_06_06_017.jpg,left
center_2025_04_30_01_06_06_112.jpg,left
center_2025_04_30_01_06_06_207.jpg,left
center_2025_04_30_01_06_06_287.jpg,left
center_2025_04_30_01_06_06_390.jpg,left
center_2025_04_30_01_06_06_494.jpg,left
center_2025_04_30_01_06_06_598.jpg,left
center_2025_04_30_01_06_06_706.jpg,left
center_2025_04_30_01_06_06_798.jpg,left
center_2025_04_30_01_06_06_918.jpg,left
center_2025_04_30_01_06_07_024.jpg,left
center_2025_04_30_01_06_07_125.jpg,left
center_2025_04_30_01_06_07_224.jpg,left
center_2025_04_30_01_06_07_316.jpg,left
center_2025_04_30_01_06_07_422.jpg,left
center_2025_04_30_01_06_07_529.jpg,left
center_2025_04_30_01_06_07_633.jpg,left
center_2025_04_30_01_06_07_729.jpg,left
center_2025_04_30_01_06_07_828.jpg,left
center_2025_04_30_01_06_07_942.jpg,left
center_2025_04_30_01_06_08_011.jpg,left
center_2025_04_30_01_06_08_120.jpg,left
center_2025_04_30_01_06_08_201.jpg,left
center_2025_04_30_01_06_08_304.jpg,left
center_2025_04_30_01_06_08_392.jpg,left
center_2025_04_30_01_06_08_485.jpg,left
center_2025_04_30_01_06_08_586.jpg,left
center_2025_04_30_01_06_08_690.jpg,left
center_2025_04_30_01_06_08_804.jpg,left
center_2025_04_30_01_06_08_911.jpg,left
center_2025_04_30_01_06_09_014.jpg,left
center_2025_04_30_01_06_09_112.jpg,left
center_2025_04_30_01_06_09_217.jpg,left
center_2025_04_30_01_06_09_318.jpg,left
center_2025_04_30_01_06_09_421.jpg,left
center_2025_04_30_01_06_09_524.jpg,left
center_2025_04_30_01_06_09_623.jpg,left
center_2025_04_30_01_06_09_735.jpg,left
center_2025_04_30_01_06_09_822.jpg,left
center_2025_04_30_01_06_09_903.jpg,left
center_2025_04_30_01_06_10_003.jpg,left
center_2025_04_30_01_06_10_101.jpg,center
center_2025_04_30_01_06_10_194.jpg,left
center_2025_04_30_01_06_10_294.jpg,center
center_2025_04_30_01_06_10_400.jpg,center
center_2025_04_30_01_06_10_503.jpg,center
center_2025_04_30_01_06_10_603.jpg,center
center_2025_04_30_01_06_10_687.jpg,center
center_2025_04_30_01_06_10_798.jpg,center
center_2025_04_30_01_06_10_897.jpg,center
center_2025_04_30_01_06_11_003.jpg,right
center_2025_04_30_01_06_11_104.jpg,right
center_2025_04_30_01_06_11_202.jpg,right
center_2025_04_30_01_06_11_292.jpg,right
center_2025_04_30_01_06_11_398.jpg,right
center_2025_04_30_01_06_11_550.jpg,right
center_2025_04_30_01_06_11_640.jpg,right
center_2025_04_30_01_06_11_737.jpg,right
center_2025_04_30_01_06_11_845.jpg,right
center_2025_04_30_01_06_11_941.jpg,center
center_2025_04_30_01_06_12_019.jpg,center
center_2025_04_30_01_06_12_112.jpg,center
center_2025_04_30_01_06_12_198.jpg,center
center_2025_04_30_01_06_12_283.jpg,center
center_2025_04_30_01_06_12_382.jpg,center
center_2025_04_30_01_06_12_488.jpg,center
center_2025_04_30_01_06_12_576.jpg,center
center_2025_04_30_01_06_12_675.jpg,center
center_2025_04_30_01_06_12_773.jpg,center
center_2025_04_30_01_06_12_872.jpg,center
center_2025_04_30_01_06_12_977.jpg,right
center_2025_04_30_01_06_13_076.jpg,right
center_2025_04_30_01_06_13_167.jpg,right
center_2025_04_30_01_06_13_256.jpg,right
center_2025_04_30_01_06_13_346.jpg,right
center_2025_04_30_01_06_13_432.jpg,right
center_2025_04_30_01_06_13_525.jpg,right
center_2025_04_30_01_06_13_616.jpg,right
center_2025_04_30_01_06_13_702.jpg,right
center_2025_04_30_01_06_13_793.jpg,right
center_2025_04_30_01_06_13_875.jpg,right
center_2025_04_30_01_06_13_963.jpg,right
center_2025_04_30_01_06_14_052.jpg,center
center_2025_04_30_01_06_14_144.jpg,center
center_2025_04_30_01_06_14_236.jpg,right
center_2025_04_30_01_06_14_325.jpg,right
center_2025_04_30_01_06_14_416.jpg,right
center_2025_04_30_01_06_14_504.jpg,right
center_2025_04_30_01_06_14_591.jpg,center
center_2025_04_30_01_06_14_676.jpg,center
center_2025_04_30_01_06_14_769.jpg,center
center_2025_04_30_01_06_14_853.jpg,center
center_2025_04_30_01_06_14_938.jpg,center
center_2025_04_30_01_06_15_007.jpg,center
center_2025_04_30_01_06_15_100.jpg,center
center_2025_04_30_01_06_15_185.jpg,center
center_2025_04_30_01_06_15_268.jpg,center
center_2025_04_30_01_06_15_357.jpg,center
center_2025_04_30_01_06_15_425.jpg,center
center_2025_04_30_01_06_15_518.jpg,center
center_2025_04_30_01_06_15_606.jpg,center
center_2025_04_30_01_06_15_695.jpg,center
center_2025_04_30_01_06_15_776.jpg,center
center_2025_04_30_01_06_15_859.jpg,center
center_2025_04_30_01_06_15_947.jpg,center
center_2025_04_30_01_06_16_036.jpg,center
center_2025_04_30_01_06_16_126.jpg,center
center_2025_04_30_01_06_16_219.jpg,center
center_2025_04_30_01_06_16_307.jpg,center
center_2025_04_30_01_06_16_391.jpg,left
center_2025_04_30_01_06_16_478.jpg,left
center_2025_04_30_01_06_16_563.jpg,left
center_2025_04_30_01_06_16_654.jpg,left
center_2025_04_30_01_06_16_743.jpg,left
center_2025_04_30_01_06_16_820.jpg,left
center_2025_04_30_01_06_16_912.jpg,left
center_2025_04_30_01_06_16_998.jpg,left
center_2025_04_30_01_06_17_087.jpg,left
center_2025_04_30_01_06_17_177.jpg,left
center_2025_04_30_01_06_17_256.jpg,left
center_2025_04_30_01_06_17_336.jpg,left
center_2025_04_30_01_06_17_426.jpg,left
center_2025_04_30_01_06_17_521.jpg,left
center_2025_04_30_01_06_17_600.jpg,left
center_2025_04_30_01_06_17_694.jpg,left
center_2025_04_30_01_06_17_783.jpg,left
center_2025_04_30_01_06_17_881.jpg,left
center_2025_04_30_01_06_17_973.jpg,left
center_2025_04_30_01_06_18_047.jpg,left
center_2025_04_30_01_06_18_145.jpg,left
center_2025_04_30_01_06_18_252.jpg,left
center_2025_04_30_01_06_18_345.jpg,center
center_2025_04_30_01_06_18_444.jpg,center
center_2025_04_30_01_06_18_537.jpg,center
center_2025_04_30_01_06_18_641.jpg,center
center_2025_04_30_01_06_18_742.jpg,center
center_2025_04_30_01_06_18_820.jpg,center
center_2025_04_30_01_06_18_925.jpg,center
center_2025_04_30_01_06_19_024.jpg,center
center_2025_04_30_01_06_19_119.jpg,center
center_2025_04_30_01_06_19_219.jpg,center
center_2025_04_30_01_06_19_300.jpg,center
center_2025_04_30_01_06_19_395.jpg,center
center_2025_04_30_01_06_19_498.jpg,center
center_2025_04_30_01_06_19_594.jpg,center
center_2025_04_30_01_06_19_695.jpg,center
center_2025_04_30_01_06_19_781.jpg,right
center_2025_04_30_01_06_19_871.jpg,center
center_2025_04_30_01_06_19_961.jpg,center
center_2025_04_30_01_06_20_052.jpg,center
center_2025_04_30_01_06_20_144.jpg,center
center_2025_04_30_01_06_20_234.jpg,center
center_2025_04_30_01_06_20_308.jpg,right
center_2025_04_30_01_06_20_393.jpg,right
center_2025_04_30_01_06_20_481.jpg,right
center_2025_04_30_01_06_20_556.jpg,right
center_2025_04_30_01_06_20_637.jpg,right
center_2025_04_30_01_06_20_723.jpg,right
center_2025_04_30_01_06_20_802.jpg,right
center_2025_04_30_01_06_20_893.jpg,right
center_2025_04_30_01_06_20_981.jpg,right
center_2025_04_30_01_06_21_069.jpg,right
center_2025_04_30_01_06_21_141.jpg,right
center_2025_04_30_01_06_21_223.jpg,right
center_2025_04_30_01_06_21_311.jpg,right
center_2025_04_30_01_06_21_409.jpg,right
center_2025_04_30_01_06_21_514.jpg,right
center_2025_04_30_01_06_21_611.jpg,right
center_2025_04_30_01_06_21_707.jpg,right
center_2025_04_30_01_06_21_795.jpg,right
center_2025_04_30_01_06_21_900.jpg,right
center_2025_04_30_01_06_21_999.jpg,right
center_2025_04_30_01_06_22_106.jpg,right
center_2025_04_30_01_06_22_219.jpg,right
center_2025_04_30_01_06_22_317.jpg,right
center_2025_04_30_01_06_22_419.jpg,center
center_2025_04_30_01_06_22_520.jpg,center
center_2025_04_30_01_06_22_604.jpg,center
center_2025_04_30_01_06_22_700.jpg,center
center_2025_04_30_01_06_22_794.jpg,left
center_2025_04_30_01_06_22_895.jpg,left
center_2025_04_30_01_06_22_991.jpg,left
center_2025_04_30_01_06_23_073.jpg,left
center_2025_04_30_01_06_23_152.jpg,left
center_2025_04_30_01_06_23_236.jpg,left
center_2025_04_30_01_06_23_330.jpg,left
center_2025_04_30_01_06_23_418.jpg,left
center_2025_04_30_01_06_23_510.jpg,left
center_2025_04_30_01_06_23_596.jpg,left
center_2025_04_30_01_06_23_682.jpg,left
center_2025_04_30_01_06_23_772.jpg,left
center_2025_04_30_01_06_23_860.jpg,left
center_2025_04_30_01_06_23_950.jpg,left
center_2025_04_30_01_06_24_025.jpg,left
center_2025_04_30_01_06_24_114.jpg,left
center_2025_04_30_01_06_24_195.jpg,left
center_2025_04_30_01_06_24_286.jpg,left
center_2025_04_30_01_06_24_374.jpg,left
center_2025_04_30_01_06_24_465.jpg,left
center_2025_04_30_01_06_24_552.jpg,left
center_2025_04_30_01_06_24_649.jpg,left
center_2025_04_30_01_06_24_728.jpg,left
center_2025_04_30_01_06_24_810.jpg,left
center_2025_04_30_01_06_24_897.jpg,left
center_2025_04_30_01_06_24_981.jpg,left
center_2025_04_30_01_06_25_074.jpg,left
center_2025_04_30_01_06_25_160.jpg,left
center_2025_04_30_01_06_25_243.jpg,left
center_2025_04_30_01_06_25_325.jpg,left
center_2025_04_30_01_06_25_414.jpg,left
center_2025_04_30_01_06_25_502.jpg,left
center_2025_04_30_01_06_25_575.jpg,left
center_2025_04_30_01_06_25_658.jpg,left
center_2025_04_30_01_06_25_741.jpg,left
center_2025_04_30_01_06_25_836.jpg,left
center_2025_04_30_01_06_25_919.jpg,left
center_2025_04_30_01_06_25_997.jpg,left
center_2025_04_30_01_06_26_073.jpg,left
center_2025_04_30_01_06_26_148.jpg,center
center_2025_04_30_01_06_26_227.jpg,center
center_2025_04_30_01_06_26_315.jpg,center
center_2025_04_30_01_06_26_410.jpg,center
center_2025_04_30_01_06_26_510.jpg,center
center_2025_04_30_01_06_26_614.jpg,center
center_2025_04_30_01_06_26_706.jpg,right
center_2025_04_30_01_06_26_785.jpg,right
center_2025_04_30_01_06_26_883.jpg,right
center_2025_04_30_01_06_26_967.jpg,right
center_2025_04_30_01_06_27_067.jpg,right
center_2025_04_30_01_06_27_156.jpg,right
center_2025_04_30_01_06_27_253.jpg,right
center_2025_04_30_01_06_27_349.jpg,right
center_2025_04_30_01_06_27_417.jpg,right
center_2025_04_30_01_06_27_502.jpg,right
center_2025_04_30_01_06_27_589.jpg,right
center_2025_04_30_01_06_27_674.jpg,right
center_2025_04_30_01_06_27_756.jpg,right
center_2025_04_30_01_06_27_834.jpg,right
center_2025_04_30_01_06_27_919.jpg,right
center_2025_04_30_01_06_28_004.jpg,right
center_2025_04_30_01_06_28_090.jpg,right
center_2025_04_30_01_06_28_188.jpg,right
center_2025_04_30_01_06_28_286.jpg,right
center_2025_04_30_01_06_28_385.jpg,right
center_2025_04_30_01_06_28_483.jpg,right
center_2025_04_30_01_06_28_586.jpg,right
center_2025_04_30_01_06_28_688.jpg,right
center_2025_04_30_01_06_28_799.jpg,right
center_2025_04_30_01_06_28_892.jpg,right
center_2025_04_30_01_06_29_002.jpg,right
center_2025_04_30_01_06_29_098.jpg,right
center_2025_04_30_01_06_29_197.jpg,right
center_2025_04_30_01_06_29_293.jpg,right
center_2025_04_30_01_06_29_411.jpg,right
center_2025_04_30_01_06_29_500.jpg,right
center_2025_04_30_01_06_29_600.jpg,right
center_2025_04_30_01_06_29_718.jpg,right
center_2025_04_30_01_06_29_809.jpg,right
center_2025_04_30_01_06_29_900.jpg,right
center_2025_04_30_01_06_30_005.jpg,right
center_2025_04_30_01_06_30_112.jpg,right
center_2025_04_30_01_06_30_200.jpg,right
center_2025_04_30_01_06_30_275.jpg,center
center_2025_04_30_01_06_30_363.jpg,center
center_2025_04_30_01_06_30_462.jpg,center
center_2025_04_30_01_06_30_560.jpg,center
center_2025_04_30_01_06_30_647.jpg,center
center_2025_04_30_01_06_30_729.jpg,center
center_2025_04_30_01_06_30_820.jpg,center
center_2025_04_30_01_06_30_929.jpg,center
center_2025_04_30_01_06_31_019.jpg,center
center_2025_04_30_01_06_31_111.jpg,center
center_2025_04_30_01_06_31_197.jpg,center
center_2025_04_30_01_06_31_296.jpg,left
center_2025_04_30_01_06_31_395.jpg,left
center_2025_04_30_01_06_31_492.jpg,left
center_2025_04_30_01_06_31_591.jpg,left
center_2025_04_30_01_06_31_691.jpg,left
center_2025_04_30_01_06_31_800.jpg,left
center_2025_04_30_01_06_31_893.jpg,left
center_2025_04_30_01_06_31_999.jpg,left
center_2025_04_30_01_06_32_085.jpg,left
center_2025_04_30_01_06_32_156.jpg,left
center_2025_04_30_01_06_32_245.jpg,left
center_2025_04_30_01_06_32_344.jpg,left
center_2025_04_30_01_06_32_438.jpg,left
center_2025_04_30_01_06_32_517.jpg,left
center_2025_04_30_01_06_32_617.jpg,left
center_2025_04_30_01_06_32_699.jpg,left
center_2025_04_30_01_06_32_802.jpg,left
center_2025_04_30_01_06_32_909.jpg,left
center_2025_04_30_01_06_33_004.jpg,left
center_2025_04_30_01_06_33_097.jpg,left
center_2025_04_30_01_06_33_205.jpg,left
center_2025_04_30_01_06_33_288.jpg,left
center_2025_04_30_01_06_33_369.jpg,left
center_2025_04_30_01_06_33_453.jpg,left
center_2025_04_30_01_06_33_544.jpg,left
center_2025_04_30_01_06_33_633.jpg,left
center_2025_04_30_01_06_33_718.jpg,left
center_2025_04_30_01_06_33_810.jpg,left
center_2025_04_30_01_06_33_912.jpg,left
center_2025_04_30_01_06_34_015.jpg,left
center_2025_04_30_01_06_34_105.jpg,left
center_2025_04_30_01_06_34_205.jpg,left
center_2025_04_30_01_06_34_301.jpg,left
center_2025_04_30_01_06_34_399.jpg,left
center_2025_04_30_01_06_34_500.jpg,left
center_2025_04_30_01_06_34_604.jpg,left
center_2025_04_30_01_06_34_701.jpg,left
center_2025_04_30_01_06_34_792.jpg,left
center_2025_04_30_01_06_34_893.jpg,left
center_2025_04_30_01_06_34_978.jpg,center
center_2025_04_30_01_06_35_083.jpg,center
center_2025_04_30_01_06_35_178.jpg,center
center_2025_04_30_01_06_35_261.jpg,center
center_2025_04_30_01_06_35_343.jpg,center
center_2025_04_30_01_06_35_429.jpg,center
center_2025_04_30_01_06_35_524.jpg,right
center_2025_04_30_01_06_35_607.jpg,right
center_2025_04_30_01_06_35_687.jpg,right
center_2025_04_30_01_06_35_777.jpg,right
center_2025_04_30_01_06_35_867.jpg,right
center_2025_04_30_01_06_35_960.jpg,right
center_2025_04_30_01_06_36_050.jpg,right
center_2025_04_30_01_06_36_140.jpg,right
center_2025_04_30_01_06_36_253.jpg,right
center_2025_04_30_01_06_36_342.jpg,right
center_2025_04_30_01_06_36_443.jpg,right
center_2025_04_30_01_06_36_554.jpg,right
center_2025_04_30_01_06_36_649.jpg,right
center_2025_04_30_01_06_36_758.jpg,right
center_2025_04_30_01_06_36_859.jpg,center
center_2025_04_30_01_06_36_969.jpg,center
center_2025_04_30_01_06_37_074.jpg,center
center_2025_04_30_01_06_37_179.jpg,center
center_2025_04_30_01_06_37_271.jpg,center
center_2025_04_30_01_06_37_375.jpg,center
center_2025_04_30_01_06_37_473.jpg,center
center_2025_04_30_01_06_37_575.jpg,left
center_2025_04_30_01_06_37_663.jpg,left
center_2025_04_30_01_06_37_739.jpg,left
center_2025_04_30_01_06_37_849.jpg,left
center_2025_04_30_01_06_37_958.jpg,left
center_2025_04_30_01_06_38_059.jpg,left
center_2025_04_30_01_06_38_159.jpg,left
center_2025_04_30_01_06_38_262.jpg,left
center_2025_04_30_01_06_38_360.jpg,left
center_2025_04_30_01_06_38_471.jpg,left
center_2025_04_30_01_06_38_577.jpg,left
center_2025_04_30_01_06_38_678.jpg,left
center_2025_04_30_01_06_38_786.jpg,left
center_2025_04_30_01_06_38_887.jpg,left
center_2025_04_30_01_06_38_985.jpg,left
center_2025_04_30_01_06_39_081.jpg,left
center_2025_04_30_01_06_39_185.jpg,left
center_2025_04_30_01_06_39_279.jpg,left
center_2025_04_30_01_06_39_378.jpg,left
center_2025_04_30_01_06_39_459.jpg,left
center_2025_04_30_01_06_39_556.jpg,left
center_2025_04_30_01_06_39_651.jpg,left
center_2025_04_30_01_06_39_746.jpg,left
center_2025_04_30_01_06_39_837.jpg,left
center_2025_04_30_01_06_39_922.jpg,left
center_2025_04_30_01_06_40_004.jpg,left
center_2025_04_30_01_06_40_099.jpg,left
center_2025_04_30_01_06_40_183.jpg,left
center_2025_04_30_01_06_40_273.jpg,left
center_2025_04_30_01_06_40_354.jpg,left
center_2025_04_30_01_06_40_436.jpg,left
center_2025_04_30_01_06_40_518.jpg,left
center_2025_04_30_01_06_40_588.jpg,left
center_2025_04_30_01_06_40_676.jpg,center
center_2025_04_30_01_06_40_771.jpg,center
center_2025_04_30_01_06_40_862.jpg,center
center_2025_04_30_01_06_40_953.jpg,center
center_2025_04_30_01_06_41_051.jpg,center
center_2025_04_30_01_06_41_158.jpg,center
center_2025_04_30_01_06_41_251.jpg,center
center_2025_04_30_01_06_41_341.jpg,center
center_2025_04_30_01_06_41_419.jpg,center
center_2025_04_30_01_06_41_516.jpg,center
center_2025_04_30_01_06_41_613.jpg,right
center_2025_04_30_01_06_41_702.jpg,right
center_2025_04_30_01_06_41_786.jpg,right
center_2025_04_30_01_06_41_879.jpg,right
center_2025_04_30_01_06_41_964.jpg,right
center_2025_04_30_01_06_42_057.jpg,right
center_2025_04_30_01_06_42_143.jpg,right
center_2025_04_30_01_06_42_232.jpg,right
center_2025_04_30_01_06_42_320.jpg,right
center_2025_04_30_01_06_42_402.jpg,right
center_2025_04_30_01_06_42_477.jpg,right
center_2025_04_30_01_06_42_563.jpg,right
center_2025_04_30_01_06_42_647.jpg,right
center_2025_04_30_01_06_42_740.jpg,right
center_2025_04_30_01_06_42_830.jpg,right
center_2025_04_30_01_06_42_915.jpg,right
center_2025_04_30_01_06_43_008.jpg,right
center_2025_04_30_01_06_43_103.jpg,right
center_2025_04_30_01_06_43_185.jpg,right
center_2025_04_30_01_06_43_272.jpg,right
center_2025_04_30_01_06_43_359.jpg,right
center_2025_04_30_01_06_43_446.jpg,right
center_2025_04_30_01_06_43_538.jpg,right
center_2025_04_30_01_06_43_623.jpg,right
center_2025_04_30_01_06_43_714.jpg,right
center_2025_04_30_01_06_43_807.jpg,right
center_2025_04_30_01_06_43_891.jpg,right
center_2025_04_30_01_06_43_962.jpg,right
center_2025_04_30_01_06_44_041.jpg,right
center_2025_04_30_01_06_44_129.jpg,right
center_2025_04_30_01_06_44_225.jpg,right
center_2025_04_30_01_06_44_308.jpg,right
center_2025_04_30_01_06_44_397.jpg,center
center_2025_04_30_01_06_44_470.jpg,center
center_2025_04_30_01_06_44_566.jpg,center
center_2025_04_30_01_06_44_660.jpg,center
center_2025_04_30_01_06_44_744.jpg,center
center_2025_04_30_01_06_44_836.jpg,center
center_2025_04_30_01_06_44_926.jpg,center
center_2025_04_30_01_06_45_018.jpg,center
center_2025_04_30_01_06_45_107.jpg,left
center_2025_04_30_01_06_45_192.jpg,left
center_2025_04_30_01_06_45_285.jpg,left
center_2025_04_30_01_06_45_382.jpg,left
center_2025_04_30_01_06_45_475.jpg,left
center_2025_04_30_01_06_45_566.jpg,left
center_2025_04_30_01_06_45_653.jpg,left
center_2025_04_30_01_06_45_738.jpg,left
center_2025_04_30_01_06_45_833.jpg,left
center_2025_04_30_01_06_45_917.jpg,left
center_2025_04_30_01_06_46_000.jpg,left
center_2025_04_30_01_06_46_084.jpg,left
center_2025_04_30_01_06_46_187.jpg,left
center_2025_04_30_01_06_46_277.jpg,left
center_2025_04_30_01_06_46_370.jpg,left
center_2025_04_30_01_06_46_459.jpg,left
center_2025_04_30_01_06_46_556.jpg,left
center_2025_04_30_01_06_46_651.jpg,left
center_2025_04_30_01_06_46_741.jpg,left
center_2025_04_30_01_06_46_834.jpg,left
center_2025_04_30_01_06_46_927.jpg,left
center_2025_04_30_01_06_47_020.jpg,left
center_2025_04_30_01_06_47_108.jpg,left
center_2025_04_30_01_06_47_205.jpg,left
center_2025_04_30_01_06_47_300.jpg,left
center_2025_04_30_01_06_47_396.jpg,left
center_2025_04_30_01_06_47_483.jpg,left
center_2025_04_30_01_06_47_576.jpg,left
center_2025_04_30_01_06_47_654.jpg,left
center_2025_04_30_01_06_47_742.jpg,left
center_2025_04_30_01_06_47_829.jpg,left
center_2025_04_30_01_06_47_922.jpg,left
center_2025_04_30_01_06_48_011.jpg,left
center_2025_04_30_01_06_48_101.jpg,left
center_2025_04_30_01_06_48_192.jpg,left
center_2025_04_30_01_06_48_279.jpg,left
center_2025_04_30_01_06_48_376.jpg,left
center_2025_04_30_01_06_48_471.jpg,left
center_2025_04_30_01_06_48_554.jpg,left
center_2025_04_30_01_06_48_641.jpg,left
center_2025_04_30_01_06_48_728.jpg,left
center_2025_04_30_01_06_48_816.jpg,left
center_2025_04_30_01_06_48_907.jpg,left
center_2025_04_30_01_06_48_990.jpg,left
center_2025_04_30_01_06_49_075.jpg,left
center_2025_04_30_01_06_49_157.jpg,left
center_2025_04_30_01_06_49_245.jpg,left
center_2025_04_30_01_06_49_332.jpg,left
center_2025_04_30_01_06_49_418.jpg,left
center_2025_04_30_01_06_49_513.jpg,center
center_2025_04_30_01_06_49_598.jpg,center
center_2025_04_30_01_06_49_687.jpg,center
center_2025_04_30_01_06_49_777.jpg,center
center_2025_04_30_01_06_49_872.jpg,center
center_2025_04_30_01_06_49_961.jpg,center
center_2025_04_30_01_06_50_056.jpg,center
center_2025_04_30_01_06_50_140.jpg,center
center_2025_04_30_01_06_50_221.jpg,center
center_2025_04_30_01_06_50_311.jpg,center
center_2025_04_30_01_06_50_402.jpg,right
center_2025_04_30_01_06_50_488.jpg,right
center_2025_04_30_01_06_50_573.jpg,right
center_2025_04_30_01_06_50_656.jpg,right
center_2025_04_30_01_06_50_740.jpg,right
center_2025_04_30_01_06_50_832.jpg,right
center_2025_04_30_01_06_50_922.jpg,right
center_2025_04_30_01_06_51_005.jpg,right
center_2025_04_30_01_06_51_088.jpg,right
center_2025_04_30_01_06_51_169.jpg,right
center_2025_04_30_01_06_51_263.jpg,right
center_2025_04_30_01_06_51_350.jpg,right
center_2025_04_30_01_06_51_443.jpg,right
center_2025_04_30_01_06_51_522.jpg,right
center_2025_04_30_01_06_51_607.jpg,right
center_2025_04_30_01_06_51_687.jpg,right
center_2025_04_30_01_06_51_779.jpg,right
center_2025_04_30_01_06_51_867.jpg,right
center_2025_04_30_01_06_51_942.jpg,right
center_2025_04_30_01_06_52_035.jpg,right
center_2025_04_30_01_06_52_117.jpg,right
center_2025_04_30_01_06_52_206.jpg,center
center_2025_04_30_01_06_52_293.jpg,center
center_2025_04_30_01_06_52_380.jpg,center
center_2025_04_30_01_06_52_470.jpg,center
center_2025_04_30_01_06_52_556.jpg,center
center_2025_04_30_01_06_52_648.jpg,center
center_2025_04_30_01_06_52_732.jpg,center
center_2025_04_30_01_06_52_821.jpg,center
center_2025_04_30_01_06_52_910.jpg,center
center_2025_04_30_01_06_52_988.jpg,center
center_2025_04_30_01_06_53_072.jpg,center
center_2025_04_30_01_06_53_165.jpg,center
center_2025_04_30_01_06_53_259.jpg,left
center_2025_04_30_01_06_53_349.jpg,left
center_2025_04_30_01_06_53_440.jpg,left
center_2025_04_30_01_06_53_520.jpg,left
center_2025_04_30_01_06_53_603.jpg,left
center_2025_04_30_01_06_53_699.jpg,center
center_2025_04_30_01_06_53_794.jpg,center
center_2025_04_30_01_06_53_877.jpg,center
center_2025_04_30_01_06_53_968.jpg,center
center_2025_04_30_01_06_54_053.jpg,center
center_2025_04_30_01_06_54_149.jpg,center
center_2025_04_30_01_06_54_235.jpg,center
center_2025_04_30_01_06_54_321.jpg,center
center_2025_04_30_01_06_54_418.jpg,center
center_2025_04_30_01_06_54_501.jpg,center
center_2025_04_30_01_06_54_588.jpg,center
center_2025_04_30_01_06_54_666.jpg,center
center_2025_04_30_01_06_54_745.jpg,center
center_2025_04_30_01_06_54_836.jpg,center
center_2025_04_30_01_06_54_930.jpg,center
center_2025_04_30_01_06_55_010.jpg,right
center_2025_04_30_01_06_55_107.jpg,right
center_2025_04_30_01_06_55_195.jpg,right
center_2025_04_30_01_06_55_283.jpg,right
center_2025_04_30_01_06_55_374.jpg,center
center_2025_04_30_01_06_55_459.jpg,right
center_2025_04_30_01_06_55_542.jpg,right
center_2025_04_30_01_06_55_628.jpg,right
center_2025_04_30_01_06_55_718.jpg,right
center_2025_04_30_01_06_55_804.jpg,right
center_2025_04_30_01_06_55_895.jpg,right
center_2025_04_30_01_06_55_980.jpg,right
center_2025_04_30_01_06_56_073.jpg,right
center_2025_04_30_01_06_56_165.jpg,right
center_2025_04_30_01_06_56_254.jpg,center
center_2025_04_30_01_06_56_377.jpg,center
center_2025_04_30_01_06_56_479.jpg,center
center_2025_04_30_01_06_56_562.jpg,center
center_2025_04_30_01_06_56_653.jpg,center
center_2025_04_30_01_06_56_747.jpg,center
center_2025_04_30_01_06_56_833.jpg,center
center_2025_04_30_01_06_56_918.jpg,center
center_2025_04_30_01_06_56_996.jpg,center
center_2025_04_30_01_06_57_084.jpg,center
center_2025_04_30_01_06_57_173.jpg,center
center_2025_04_30_01_06_57_260.jpg,center
center_2025_04_30_01_06_57_341.jpg,left
center_2025_04_30_01_06_57_420.jpg,left
center_2025_04_30_01_06_57_511.jpg,left
center_2025_04_30_01_06_57_600.jpg,left
center_2025_04_30_01_06_57_690.jpg,left
center_2025_04_30_01_06_57_777.jpg,left
center_2025_04_30_01_06_57_857.jpg,left
center_2025_04_30_01_06_57_950.jpg,left
center_2025_04_30_01_06_58_041.jpg,left
center_2025_04_30_01_06_58_136.jpg,left
center_2025_04_30_01_06_58_224.jpg,left
center_2025_04_30_01_06_58_306.jpg,left
center_2025_04_30_01_06_58_402.jpg,left
center_2025_04_30_01_06_58_494.jpg,left
center_2025_04_30_01_06_58_590.jpg,left
center_2025_04_30_01_06_58_685.jpg,left
center_2025_04_30_01_06_58_771.jpg,left
center_2025_04_30_01_06_58_861.jpg,left
center_2025_04_30_01_06_58_951.jpg,left
center_2025_04_30_01_06_59_043.jpg,left
center_2025_04_30_01_06_59_135.jpg,left
center_2025_04_30_01_06_59_220.jpg,left
center_2025_04_30_01_06_59_311.jpg,left
center_2025_04_30_01_06_59_409.jpg,left
center_2025_04_30_01_06_59_503.jpg,left
center_2025_04_30_01_06_59_600.jpg,left
center_2025_04_30_01_06_59_691.jpg,left
center_2025_04_30_01_06_59_807.jpg,left
center_2025_04_30_01_06_59_917.jpg,left
center_2025_04_30_01_07_00_020.jpg,center
center_2025_04_30_01_07_00_119.jpg,center
center_2025_04_30_01_07_00_222.jpg,center
center_2025_04_30_01_07_00_322.jpg,center
center_2025_04_30_01_07_00_419.jpg,center
center_2025_04_30_01_07_00_517.jpg,center
center_2025_04_30_01_07_00_611.jpg,center
center_2025_04_30_01_07_00_708.jpg,right
center_2025_04_30_01_07_00_804.jpg,right
center_2025_04_30_01_07_00_905.jpg,right
center_2025_04_30_01_07_01_005.jpg,right
center_2025_04_30_01_07_01_098.jpg,right
center_2025_04_30_01_07_01_189.jpg,right
center_2025_04_30_01_07_01_286.jpg,right
center_2025_04_30_01_07_01_391.jpg,right
center_2025_04_30_01_07_01_484.jpg,right
center_2025_04_30_01_07_01_595.jpg,right
center_2025_04_30_01_07_01_684.jpg,right
center_2025_04_30_01_07_01_779.jpg,right
center_2025_04_30_01_07_01_870.jpg,right
center_2025_04_30_01_07_01_967.jpg,right
center_2025_04_30_01_07_02_061.jpg,right
center_2025_04_30_01_07_02_149.jpg,right
center_2025_04_30_01_07_02_236.jpg,right
center_2025_04_30_01_07_02_329.jpg,right
center_2025_04_30_01_07_02_413.jpg,right
center_2025_04_30_01_07_02_500.jpg,right
center_2025_04_30_01_07_02_592.jpg,right
center_2025_04_30_01_07_02_691.jpg,right
center_2025_04_30_01_07_02_796.jpg,right
center_2025_04_30_01_07_02_915.jpg,right
center_2025_04_30_01_07_03_028.jpg,right
center_2025_04_30_01_07_03_112.jpg,right
center_2025_04_30_01_07_03_209.jpg,right
center_2025_04_30_01_07_03_302.jpg,right
center_2025_04_30_01_07_03_397.jpg,right
center_2025_04_30_01_07_03_489.jpg,right
center_2025_04_30_01_07_03_581.jpg,right
center_2025_04_30_01_07_03_672.jpg,right
center_2025_04_30_01_07_03_740.jpg,right
center_2025_04_30_01_07_03_835.jpg,right
center_2025_04_30_01_07_03_912.jpg,right
center_2025_04_30_01_07_04_000.jpg,right
center_2025_04_30_01_07_04_098.jpg,right
center_2025_04_30_01_07_04_173.jpg,right
center_2025_04_30_01_07_04_252.jpg,right
center_2025_04_30_01_07_04_340.jpg,right
center_2025_04_30_01_07_04_440.jpg,right
center_2025_04_30_01_07_04_535.jpg,right
center_2025_04_30_01_07_04_617.jpg,right
center_2025_04_30_01_07_04_716.jpg,right
center_2025_04_30_01_07_04_807.jpg,right
center_2025_04_30_01_07_04_906.jpg,right
center_2025_04_30_01_07_05_001.jpg,right
center_2025_04_30_01_07_05_088.jpg,right
center_2025_04_30_01_08_47_416.jpg,right
center_2025_04_30_01_08_47_488.jpg,right
center_2025_04_30_01_08_47_564.jpg,right
center_2025_04_30_01_08_47_632.jpg,right
center_2025_04_30_01_08_47_772.jpg,right
center_2025_04_30_01_08_47_846.jpg,right
center_2025_04_30_01_08_47_967.jpg,right
center_2025_04_30_01_08_48_094.jpg,right
center_2025_04_30_01_08_48_192.jpg,right
center_2025_04_30_01_08_48_315.jpg,right
center_2025_04_30_01_08_48_435.jpg,right
center_2025_04_30_01_08_48_559.jpg,right
center_2025_04_30_01_08_48_681.jpg,center
center_2025_04_30_01_08_48_786.jpg,center
center_2025_04_30_01_08_48_902.jpg,center
center_2025_04_30_01_08_49_023.jpg,center
center_2025_04_30_01_08_49_152.jpg,center
center_2025_04_30_01_08_49_276.jpg,center
center_2025_04_30_01_08_49_347.jpg,center
center_2025_04_30_01_08_49_415.jpg,center
center_2025_04_30_01_08_49_540.jpg,center
center_2025_04_30_01_08_49_669.jpg,center
center_2025_04_30_01_08_49_798.jpg,left
center_2025_04_30_01_08_49_916.jpg,left
center_2025_04_30_01_08_50_038.jpg,center
center_2025_04_30_01_08_50_168.jpg,left
center_2025_04_30_01_08_50_290.jpg,left
center_2025_04_30_01_08_50_404.jpg,left
center_2025_04_30_01_08_50_518.jpg,left
center_2025_04_30_01_08_50_629.jpg,left
center_2025_04_30_01_08_50_743.jpg,left
center_2025_04_30_01_08_50_851.jpg,left
center_2025_04_30_01_08_50_965.jpg,left
center_2025_04_30_01_08_51_069.jpg,left
center_2025_04_30_01_08_51_200.jpg,left
center_2025_04_30_01_08_51_269.jpg,left
center_2025_04_30_01_08_51_339.jpg,left
center_2025_04_30_01_08_51_468.jpg,left
center_2025_04_30_01_08_51_534.jpg,left
center_2025_04_30_01_08_51_601.jpg,left
center_2025_04_30_01_08_51_710.jpg,left
center_2025_04_30_01_08_51_816.jpg,left
center_2025_04_30_01_08_51_920.jpg,left
center_2025_04_30_01_08_52_096.jpg,left
center_2025_04_30_01_08_52_168.jpg,left
center_2025_04_30_01_08_52_292.jpg,left
center_2025_04_30_01_08_52_419.jpg,left
center_2025_04_30_01_08_52_543.jpg,left
center_2025_04_30_01_08_52_676.jpg,left
center_2025_04_30_01_08_52_805.jpg,left
center_2025_04_30_01_08_52_876.jpg,left
center_2025_04_30_01_08_52_957.jpg,left
center_2025_04_30_01_08_53_033.jpg,left
center_2025_04_30_01_08_53_101.jpg,left
center_2025_04_30_01_08_53_177.jpg,left
center_2025_04_30_01_08_53_251.jpg,left
center_2025_04_30_01_08_53_320.jpg,left
center_2025_04_30_01_08_53_388.jpg,left
center_2025_04_30_01_08_53_467.jpg,left
center_2025_04_30_01_08_53_540.jpg,left
center_2025_04_30_01_08_53_680.jpg,left
center_2025_04_30_01_08_53_757.jpg,left
center_2025_04_30_01_08_53_833.jpg,left
center_2025_04_30_01_08_53_905.jpg,left
center_2025_04_30_01_08_53_982.jpg,left
center_2025_04_30_01_08_54_171.jpg,left
center_2025_04_30_01_08_54_316.jpg,left
center_2025_04_30_01_08_54_391.jpg,left
center_2025_04_30_01_08_54_463.jpg,left
center_2025_04_30_01_08_54_569.jpg,left
center_2025_04_30_01_08_54_702.jpg,left
center_2025_04_30_01_08_54_823.jpg,left
center_2025_04_30_01_08_54_936.jpg,left
center_2025_04_30_01_08_55_003.jpg,left
center_2025_04_30_01_08_55_130.jpg,left
center_2025_04_30_01_08_55_201.jpg,left
center_2025_04_30_01_08_55_270.jpg,left
center_2025_04_30_01_08_55_339.jpg,left
center_2025_04_30_01_08_55_479.jpg,left
center_2025_04_30_01_08_55_552.jpg,left
center_2025_04_30_01_08_55_638.jpg,left
center_2025_04_30_01_08_55_710.jpg,left
center_2025_04_30_01_08_55_783.jpg,left
center_2025_04_30_01_08_55_860.jpg,left
center_2025_04_30_01_08_55_935.jpg,center
center_2025_04_30_01_08_56_008.jpg,center
center_2025_04_30_01_08_56_085.jpg,center
center_2025_04_30_01_08_56_155.jpg,center
center_2025_04_30_01_08_56_232.jpg,center
center_2025_04_30_01_08_56_368.jpg,center
center_2025_04_30_01_08_56_502.jpg,center
center_2025_04_30_01_08_56_574.jpg,right
center_2025_04_30_01_08_56_657.jpg,right
center_2025_04_30_01_08_56_779.jpg,right
center_2025_04_30_01_08_56_898.jpg,right
center_2025_04_30_01_08_56_968.jpg,right
center_2025_04_30_01_08_57_037.jpg,right
center_2025_04_30_01_08_57_139.jpg,right
center_2025_04_30_01_08_57_216.jpg,right
center_2025_04_30_01_08_57_288.jpg,right
center_2025_04_30_01_08_57_364.jpg,right
center_2025_04_30_01_08_57_444.jpg,right
center_2025_04_30_01_08_57_518.jpg,right
center_2025_04_30_01_08_57_591.jpg,right
center_2025_04_30_01_08_57_661.jpg,right
center_2025_04_30_01_08_57_730.jpg,right
center_2025_04_30_01_08_57_807.jpg,right
center_2025_04_30_01_08_57_890.jpg,right
center_2025_04_30_01_08_57_966.jpg,right
center_2025_04_30_01_08_58_034.jpg,right
center_2025_04_30_01_08_58_109.jpg,right
center_2025_04_30_01_08_58_182.jpg,right
center_2025_04_30_01_08_58_261.jpg,right
center_2025_04_30_01_08_58_345.jpg,right
center_2025_04_30_01_08_58_413.jpg,right
center_2025_04_30_01_08_58_487.jpg,right
center_2025_04_30_01_08_58_560.jpg,right
center_2025_04_30_01_08_58_704.jpg,right
center_2025_04_30_01_08_58_784.jpg,right
center_2025_04_30_01_08_58_926.jpg,right
center_2025_04_30_01_08_59_001.jpg,right
center_2025_04_30_01_08_59_073.jpg,right
center_2025_04_30_01_08_59_144.jpg,right
center_2025_04_30_01_08_59_217.jpg,right
center_2025_04_30_01_08_59_350.jpg,right
center_2025_04_30_01_08_59_466.jpg,right
center_2025_04_30_01_08_59_534.jpg,center
center_2025_04_30_01_08_59_660.jpg,center
center_2025_04_30_01_08_59_799.jpg,center
center_2025_04_30_01_08_59_866.jpg,center
center_2025_04_30_01_08_59_935.jpg,center
center_2025_04_30_01_09_00_066.jpg,center
center_2025_04_30_01_09_00_184.jpg,center
center_2025_04_30_01_09_00_255.jpg,center
center_2025_04_30_01_09_00_326.jpg,center
center_2025_04_30_01_09_00_396.jpg,center
center_2025_04_30_01_09_00_476.jpg,center
center_2025_04_30_01_09_00_553.jpg,center
center_2025_04_30_01_09_00_623.jpg,right
center_2025_04_30_01_09_00_756.jpg,right
center_2025_04_30_01_09_00_885.jpg,right
center_2025_04_30_01_09_01_014.jpg,right
center_2025_04_30_01_09_01_090.jpg,right
center_2025_04_30_01_09_01_161.jpg,right
center_2025_04_30_01_09_01_233.jpg,right
center_2025_04_30_01_09_01_306.jpg,right
center_2025_04_30_01_09_01_385.jpg,right
center_2025_04_30_01_09_01_458.jpg,right
center_2025_04_30_01_09_01_533.jpg,right
center_2025_04_30_01_09_01_602.jpg,right
center_2025_04_30_01_09_01_675.jpg,right
center_2025_04_30_01_09_01_752.jpg,right
center_2025_04_30_01_09_01_831.jpg,center
center_2025_04_30_01_09_01_901.jpg,center
center_2025_04_30_01_09_01_971.jpg,center
center_2025_04_30_01_09_02_101.jpg,center
center_2025_04_30_01_09_02_170.jpg,center
center_2025_04_30_01_09_02_300.jpg,center
center_2025_04_30_01_09_02_370.jpg,center
center_2025_04_30_01_09_02_440.jpg,left
center_2025_04_30_01_09_02_568.jpg,left
center_2025_04_30_01_09_02_683.jpg,left
center_2025_04_30_01_09_02_785.jpg,left
center_2025_04_30_01_09_02_897.jpg,left
center_2025_04_30_01_09_03_014.jpg,left
center_2025_04_30_01_09_03_109.jpg,left
center_2025_04_30_01_09_03_227.jpg,left
center_2025_04_30_01_09_03_346.jpg,left
center_2025_04_30_01_09_03_468.jpg,left
center_2025_04_30_01_09_03_601.jpg,left
center_2025_04_30_01_09_03_668.jpg,left
center_2025_04_30_01_09_03_736.jpg,left
center_2025_04_30_01_09_03_810.jpg,left
center_2025_04_30_01_09_03_879.jpg,left
center_2025_04_30_01_09_03_987.jpg,left
center_2025_04_30_01_09_04_096.jpg,left
center_2025_04_30_01_09_04_220.jpg,left
center_2025_04_30_01_09_04_352.jpg,left
center_2025_04_30_01_09_04_420.jpg,left
center_2025_04_30_01_09_04_498.jpg,left
center_2025_04_30_01_09_04_572.jpg,left
center_2025_04_30_01_09_04_641.jpg,left
center_2025_04_30_01_09_04_713.jpg,left
center_2025_04_30_01_09_04_781.jpg,left
center_2025_04_30_01_09_04_848.jpg,left
center_2025_04_30_01_09_04_979.jpg,left
center_2025_04_30_01_09_05_046.jpg,left
center_2025_04_30_01_09_05_116.jpg,left
center_2025_04_30_01_09_05_190.jpg,left
center_2025_04_30_01_09_05_266.jpg,left
center_2025_04_30_01_09_05_345.jpg,left
center_2025_04_30_01_09_05_418.jpg,left
center_2025_04_30_01_09_05_501.jpg,left
center_2025_04_30_01_09_05_577.jpg,left
center_2025_04_30_01_09_05_650.jpg,left
center_2025_04_30_01_09_05_729.jpg,left
center_2025_04_30_01_09_05_815.jpg,left
center_2025_04_30_01_09_05_937.jpg,left
center_2025_04_30_01_09_06_063.jpg,left
center_2025_04_30_01_09_06_204.jpg,left
center_2025_04_30_01_09_06_277.jpg,left
center_2025_04_30_01_09_06_350.jpg,left
center_2025_04_30_01_09_06_417.jpg,left
center_2025_04_30_01_09_06_543.jpg,center
center_2025_04_30_01_09_06_663.jpg,center
center_2025_04_30_01_09_06_740.jpg,center
center_2025_04_30_01_09_06_809.jpg,center
center_2025_04_30_01_09_06_885.jpg,center
center_2025_04_30_01_09_06_956.jpg,center
center_2025_04_30_01_09_07_033.jpg,center
center_2025_04_30_01_09_07_102.jpg,right
center_2025_04_30_01_09_07_179.jpg,right
center_2025_04_30_01_09_07_252.jpg,right
center_2025_04_30_01_09_07_326.jpg,right
center_2025_04_30_01_09_07_396.jpg,right
center_2025_04_30_01_09_07_473.jpg,right
center_2025_04_30_01_09_07_552.jpg,right
center_2025_04_30_01_09_07_627.jpg,right
center_2025_04_30_01_09_07_703.jpg,right
center_2025_04_30_01_09_07_770.jpg,right
center_2025_04_30_01_09_07_890.jpg,right
center_2025_04_30_01_09_08_025.jpg,right
center_2025_04_30_01_09_08_100.jpg,right
center_2025_04_30_01_09_08_172.jpg,right
center_2025_04_30_01_09_08_240.jpg,right
center_2025_04_30_01_09_08_314.jpg,right
center_2025_04_30_01_09_08_385.jpg,right
center_2025_04_30_01_09_08_458.jpg,right
center_2025_04_30_01_09_08_599.jpg,right
center_2025_04_30_01_09_08_668.jpg,right
center_2025_04_30_01_09_08_736.jpg,right
center_2025_04_30_01_09_08_810.jpg,right
center_2025_04_30_01_09_08_881.jpg,right
center_2025_04_30_01_09_08_951.jpg,right
center_2025_04_30_01_09_09_023.jpg,right
center_2025_04_30_01_09_09_141.jpg,right
center_2025_04_30_01_09_09_266.jpg,right
center_2025_04_30_01_09_09_335.jpg,right
center_2025_04_30_01_09_09_404.jpg,right
center_2025_04_30_01_09_09_538.jpg,right
center_2025_04_30_01_09_09_611.jpg,right
center_2025_04_30_01_09_09_682.jpg,right
center_2025_04_30_01_09_09_751.jpg,right
center_2025_04_30_01_09_09_820.jpg,right
center_2025_04_30_01_09_09_953.jpg,right
center_2025_04_30_01_09_10_029.jpg,right
center_2025_04_30_01_09_10_104.jpg,right
center_2025_04_30_01_09_10_181.jpg,right
center_2025_04_30_01_09_10_264.jpg,right
center_2025_04_30_01_09_10_345.jpg,right
center_2025_04_30_01_09_10_424.jpg,right
center_2025_04_30_01_09_10_544.jpg,right
center_2025_04_30_01_09_10_614.jpg,right
center_2025_04_30_01_09_10_748.jpg,right
center_2025_04_30_01_09_10_821.jpg,right
center_2025_04_30_01_09_10_944.jpg,right
center_2025_04_30_01_09_11_066.jpg,right
center_2025_04_30_01_09_11_196.jpg,right
center_2025_04_30_01_09_11_263.jpg,center
center_2025_04_30_01_09_11_387.jpg,center
center_2025_04_30_01_09_11_492.jpg,center
center_2025_04_30_01_09_11_587.jpg,center
center_2025_04_30_01_09_11_686.jpg,center
center_2025_04_30_01_09_11_786.jpg,right
center_2025_04_30_01_09_11_904.jpg,right
center_2025_04_30_01_09_12_022.jpg,right
center_2025_04_30_01_09_12_135.jpg,right
center_2025_04_30_01_09_12_234.jpg,center
center_2025_04_30_01_09_12_333.jpg,center
center_2025_04_30_01_09_12_424.jpg,left
center_2025_04_30_01_09_12_512.jpg,center
center_2025_04_30_01_09_12_621.jpg,center
center_2025_04_30_01_09_12_736.jpg,left
center_2025_04_30_01_09_12_836.jpg,left
center_2025_04_30_01_09_12_952.jpg,left
center_2025_04_30_01_09_13_082.jpg,center
center_2025_04_30_01_09_13_201.jpg,left
center_2025_04_30_01_09_13_317.jpg,left
center_2025_04_30_01_09_13_424.jpg,left
center_2025_04_30_01_09_13_511.jpg,left
center_2025_04_30_01_09_13_597.jpg,left
center_2025_04_30_01_09_13_696.jpg,left
center_2025_04_30_01_09_13_791.jpg,left
center_2025_04_30_01_09_13_901.jpg,left
center_2025_04_30_01_09_14_000.jpg,left
center_2025_04_30_01_09_14_098.jpg,left
center_2025_04_30_01_09_14_192.jpg,left
center_2025_04_30_01_09_14_298.jpg,left
center_2025_04_30_01_09_14_404.jpg,left
center_2025_04_30_01_09_14_476.jpg,left
center_2025_04_30_01_09_14_578.jpg,left
center_2025_04_30_01_09_14_683.jpg,left
center_2025_04_30_01_09_14_795.jpg,left
center_2025_04_30_01_09_14_900.jpg,left
center_2025_04_30_01_09_14_989.jpg,left
center_2025_04_30_01_09_15_078.jpg,left
center_2025_04_30_01_09_15_166.jpg,left
center_2025_04_30_01_09_15_266.jpg,left
center_2025_04_30_01_09_15_366.jpg,left
center_2025_04_30_01_09_15_460.jpg,left
center_2025_04_30_01_09_15_558.jpg,left
center_2025_04_30_01_09_15_654.jpg,left
center_2025_04_30_01_09_15_752.jpg,left
center_2025_04_30_01_09_15_843.jpg,center
center_2025_04_30_01_09_15_918.jpg,center
center_2025_04_30_01_09_16_018.jpg,center
center_2025_04_30_01_09_16_130.jpg,center
center_2025_04_30_01_09_16_229.jpg,center
center_2025_04_30_01_09_16_350.jpg,center
center_2025_04_30_01_09_16_462.jpg,center
center_2025_04_30_01_09_16_567.jpg,center
center_2025_04_30_01_09_16_680.jpg,center
center_2025_04_30_01_09_16_786.jpg,center
center_2025_04_30_01_09_16_890.jpg,right
center_2025_04_30_01_09_16_989.jpg,right
center_2025_04_30_01_09_17_086.jpg,right
center_2025_04_30_01_09_17_204.jpg,right
center_2025_04_30_01_09_17_300.jpg,right
center_2025_04_30_01_09_17_411.jpg,right
center_2025_04_30_01_09_17_528.jpg,right
center_2025_04_30_01_09_17_632.jpg,right
center_2025_04_30_01_09_17_750.jpg,right
center_2025_04_30_01_09_17_867.jpg,right
center_2025_04_30_01_09_17_976.jpg,right
center_2025_04_30_01_09_18_085.jpg,right
center_2025_04_30_01_09_18_186.jpg,right
center_2025_04_30_01_09_18_262.jpg,right
center_2025_04_30_01_09_18_360.jpg,right
center_2025_04_30_01_09_18_457.jpg,right
center_2025_04_30_01_09_18_567.jpg,right
center_2025_04_30_01_09_18_670.jpg,right
center_2025_04_30_01_09_18_777.jpg,right
center_2025_04_30_01_09_18_857.jpg,right
center_2025_04_30_01_09_18_956.jpg,right
center_2025_04_30_01_09_19_061.jpg,right
center_2025_04_30_01_09_19_169.jpg,center
center_2025_04_30_01_09_19_246.jpg,right
center_2025_04_30_01_09_19_343.jpg,right
center_2025_04_30_01_09_19_438.jpg,right
center_2025_04_30_01_09_19_539.jpg,right
center_2025_04_30_01_09_19_633.jpg,center
center_2025_04_30_01_09_19_738.jpg,center
center_2025_04_30_01_09_19_812.jpg,center
center_2025_04_30_01_09_19_917.jpg,center
center_2025_04_30_01_09_20_027.jpg,left
center_2025_04_30_01_09_20_120.jpg,left
center_2025_04_30_01_09_20_202.jpg,left
center_2025_04_30_01_09_20_294.jpg,left
center_2025_04_30_01_09_20_391.jpg,left
center_2025_04_30_01_09_20_492.jpg,left
center_2025_04_30_01_09_20_601.jpg,left
center_2025_04_30_01_09_20_708.jpg,left
center_2025_04_30_01_09_20_808.jpg,left
center_2025_04_30_01_09_20_904.jpg,left
center_2025_04_30_01_09_20_990.jpg,left
center_2025_04_30_01_09_21_084.jpg,left
center_2025_04_30_01_09_21_174.jpg,left
center_2025_04_30_01_09_21_272.jpg,left
center_2025_04_30_01_09_21_387.jpg,left
center_2025_04_30_01_09_21_482.jpg,left
center_2025_04_30_01_09_21_596.jpg,center
center_2025_04_30_01_09_21_711.jpg,center
center_2025_04_30_01_09_21_837.jpg,center
center_2025_04_30_01_09_21_946.jpg,center
center_2025_04_30_01_09_22_065.jpg,right
center_2025_04_30_01_09_22_191.jpg,right
center_2025_04_30_01_09_22_312.jpg,right
center_2025_04_30_01_09_22_431.jpg,right
center_2025_04_30_01_09_22_556.jpg,right
center_2025_04_30_01_09_22_653.jpg,right
center_2025_04_30_01_09_22_776.jpg,right
center_2025_04_30_01_09_22_894.jpg,right
center_2025_04_30_01_09_23_010.jpg,right
center_2025_04_30_01_09_23_112.jpg,right
center_2025_04_30_01_09_23_225.jpg,right
center_2025_04_30_01_09_23_342.jpg,right
center_2025_04_30_01_09_23_438.jpg,right
center_2025_04_30_01_09_23_559.jpg,right
center_2025_04_30_01_09_23_674.jpg,right
center_2025_04_30_01_09_23_800.jpg,center
center_2025_04_30_01_09_23_928.jpg,right
center_2025_04_30_01_09_24_037.jpg,right
center_2025_04_30_01_09_24_137.jpg,right
center_2025_04_30_01_09_24_241.jpg,center
center_2025_04_30_01_09_24_348.jpg,center
center_2025_04_30_01_09_24_458.jpg,center
center_2025_04_30_01_09_24_548.jpg,center
center_2025_04_30_01_09_24_670.jpg,center
center_2025_04_30_01_09_24_790.jpg,center
center_2025_04_30_01_09_24_907.jpg,center
center_2025_04_30_01_09_25_020.jpg,center
center_2025_04_30_01_09_25_137.jpg,center
center_2025_04_30_01_09_25_270.jpg,right
center_2025_04_30_01_09_25_389.jpg,right
center_2025_04_30_01_09_25_459.jpg,right
center_2025_04_30_01_09_25_588.jpg,right
center_2025_04_30_01_09_25_709.jpg,right
center_2025_04_30_01_09_25_777.jpg,right
center_2025_04_30_01_09_25_884.jpg,right
center_2025_04_30_01_09_25_993.jpg,right
center_2025_04_30_01_09_26_108.jpg,right
center_2025_04_30_01_09_26_215.jpg,right
center_2025_04_30_01_09_26_316.jpg,center
center_2025_04_30_01_09_26_414.jpg,center
center_2025_04_30_01_09_26_517.jpg,center
center_2025_04_30_01_09_26_627.jpg,center
center_2025_04_30_01_09_26_753.jpg,center
center_2025_04_30_01_09_26_870.jpg,left
center_2025_04_30_01_09_26_997.jpg,left
center_2025_04_30_01_09_27_112.jpg,left
center_2025_04_30_01_09_27_231.jpg,left
center_2025_04_30_01_09_27_349.jpg,left
center_2025_04_30_01_09_27_466.jpg,center
center_2025_04_30_01_09_27_597.jpg,center
center_2025_04_30_01_09_27_716.jpg,center
center_2025_04_30_01_09_27_850.jpg,center
center_2025_04_30_01_09_27_979.jpg,center
center_2025_04_30_01_09_28_084.jpg,center
center_2025_04_30_01_09_28_215.jpg,center
center_2025_04_30_01_09_28_281.jpg,center
center_2025_04_30_01_09_28_387.jpg,center
center_2025_04_30_01_09_28_509.jpg,center
center_2025_04_30_01_09_28_624.jpg,center
center_2025_04_30_01_09_28_748.jpg,center
center_2025_04_30_01_09_28_818.jpg,left
center_2025_04_30_01_09_28_926.jpg,left
center_2025_04_30_01_09_29_040.jpg,left
center_2025_04_30_01_09_29_164.jpg,center
center_2025_04_30_01_09_29_284.jpg,center
center_2025_04_30_01_09_29_380.jpg,center
center_2025_04_30_01_09_29_479.jpg,center
center_2025_04_30_01_09_29_600.jpg,center
center_2025_04_30_01_09_29_728.jpg,center
center_2025_04_30_01_09_29_849.jpg,center
center_2025_04_30_01_09_29_955.jpg,center
center_2025_04_30_01_09_30_091.jpg,right
center_2025_04_30_01_09_30_159.jpg,center
center_2025_04_30_01_09_30_298.jpg,center
center_2025_04_30_01_09_30_440.jpg,center
center_2025_04_30_01_09_30_559.jpg,right
center_2025_04_30_01_09_30_676.jpg,left
center_2025_04_30_01_09_30_743.jpg,left
center_2025_04_30_01_09_30_811.jpg,left
center_2025_04_30_01_09_30_939.jpg,left
center_2025_04_30_01_09_31_053.jpg,left
center_2025_04_30_01_09_31_168.jpg,left
center_2025_04_30_01_09_31_241.jpg,left
center_2025_04_30_01_09_31_376.jpg,left
center_2025_04_30_01_09_31_444.jpg,left
center_2025_04_30_01_09_31_554.jpg,left
center_2025_04_30_01_09_31_666.jpg,left
center_2025_04_30_01_09_31_786.jpg,center
center_2025_04_30_01_09_31_893.jpg,center
center_2025_04_30_01_09_31_988.jpg,right
center_2025_04_30_01_09_32_084.jpg,right
center_2025_04_30_01_09_32_169.jpg,right
center_2025_04_30_01_09_32_250.jpg,right
center_2025_04_30_01_09_32_348.jpg,right
center_2025_04_30_01_09_32_444.jpg,right
center_2025_04_30_01_09_32_531.jpg,right
center_2025_04_30_01_09_32_617.jpg,right
center_2025_04_30_01_09_32_711.jpg,right
center_2025_04_30_01_09_32_804.jpg,right
center_2025_04_30_01_09_32_898.jpg,right
center_2025_04_30_01_09_32_985.jpg,right
center_2025_04_30_01_09_33_070.jpg,right
center_2025_04_30_01_09_33_164.jpg,right
center_2025_04_30_01_09_33_308.jpg,right
center_2025_04_30_01_09_33_434.jpg,right
center_2025_04_30_01_09_33_505.jpg,right
center_2025_04_30_01_09_33_635.jpg,right
center_2025_04_30_01_09_33_761.jpg,center
center_2025_04_30_01_09_33_883.jpg,center
center_2025_04_30_01_09_34_013.jpg,center
center_2025_04_30_01_09_34_129.jpg,center
center_2025_04_30_01_09_34_228.jpg,center
center_2025_04_30_01_09_34_325.jpg,right
center_2025_04_30_01_09_34_431.jpg,right
center_2025_04_30_01_09_34_529.jpg,right
center_2025_04_30_01_09_34_626.jpg,right
center_2025_04_30_01_09_34_714.jpg,right
center_2025_04_30_01_09_34_807.jpg,right
center_2025_04_30_01_09_34_910.jpg,right
center_2025_04_30_01_09_35_025.jpg,right
center_2025_04_30_01_09_35_136.jpg,right
center_2025_04_30_01_09_35_238.jpg,right
center_2025_04_30_01_09_35_350.jpg,right
center_2025_04_30_01_09_35_465.jpg,right
center_2025_04_30_01_09_35_583.jpg,right
center_2025_04_30_01_09_35_684.jpg,right
center_2025_04_30_01_09_35_787.jpg,right
center_2025_04_30_01_09_35_882.jpg,right
center_2025_04_30_01_09_35_987.jpg,right
center_2025_04_30_01_09_36_085.jpg,right
center_2025_04_30_01_09_36_181.jpg,right
center_2025_04_30_01_09_36_288.jpg,right
center_2025_04_30_01_09_36_441.jpg,right
center_2025_04_30_01_09_36_554.jpg,right
center_2025_04_30_01_09_36_648.jpg,right
center_2025_04_30_01_09_36_747.jpg,right
center_2025_04_30_01_09_36_846.jpg,right
center_2025_04_30_01_09_36_918.jpg,center
center_2025_04_30_01_09_36_998.jpg,center
center_2025_04_30_01_09_37_106.jpg,left
center_2025_04_30_01_09_37_218.jpg,left
center_2025_04_30_01_09_37_339.jpg,left
center_2025_04_30_01_09_37_454.jpg,left
center_2025_04_30_01_09_37_556.jpg,left
center_2025_04_30_01_09_37_679.jpg,left
center_2025_04_30_01_09_37_783.jpg,left
center_2025_04_30_01_09_37_889.jpg,left
center_2025_04_30_01_09_38_003.jpg,left
center_2025_04_30_01_09_38_111.jpg,left
center_2025_04_30_01_09_38_224.jpg,left
center_2025_04_30_01_09_38_337.jpg,left
center_2025_04_30_01_09_38_429.jpg,left
center_2025_04_30_01_09_38_521.jpg,left
center_2025_04_30_01_09_38_616.jpg,left
center_2025_04_30_01_09_38_700.jpg,left
center_2025_04_30_01_09_38_793.jpg,left
center_2025_04_30_01_09_38_889.jpg,left
center_2025_04_30_01_09_38_983.jpg,left
center_2025_04_30_01_09_39_075.jpg,left
center_2025_04_30_01_09_39_168.jpg,left
center_2025_04_30_01_09_39_262.jpg,left
center_2025_04_30_01_09_39_351.jpg,left
center_2025_04_30_01_09_39_435.jpg,left
center_2025_04_30_01_09_39_530.jpg,left
center_2025_04_30_01_09_39_619.jpg,left
center_2025_04_30_01_09_39_727.jpg,left
center_2025_04_30_01_09_39_826.jpg,left
center_2025_04_30_01_09_39_913.jpg,left
center_2025_04_30_01_09_39_998.jpg,left
center_2025_04_30_01_09_40_089.jpg,left
center_2025_04_30_01_09_40_165.jpg,left
center_2025_04_30_01_09_40_262.jpg,center
center_2025_04_30_01_09_40_356.jpg,center
center_2025_04_30_01_09_40_453.jpg,center
center_2025_04_30_01_09_40_538.jpg,center
center_2025_04_30_01_09_40_625.jpg,center
center_2025_04_30_01_09_40_714.jpg,center
center_2025_04_30_01_09_40_808.jpg,right
center_2025_04_30_01_09_40_895.jpg,right
center_2025_04_30_01_09_40_991.jpg,right
center_2025_04_30_01_09_41_079.jpg,right
center_2025_04_30_01_09_41_168.jpg,right
center_2025_04_30_01_09_41_254.jpg,right
center_2025_04_30_01_09_41_350.jpg,right
center_2025_04_30_01_09_41_445.jpg,right
center_2025_04_30_01_09_41_528.jpg,right
center_2025_04_30_01_09_41_614.jpg,right
center_2025_04_30_01_09_41_702.jpg,right
center_2025_04_30_01_09_41_789.jpg,right
center_2025_04_30_01_09_41_882.jpg,right
center_2025_04_30_01_09_41_978.jpg,right
center_2025_04_30_01_09_42_062.jpg,center
center_2025_04_30_01_09_42_156.jpg,center
center_2025_04_30_01_09_42_246.jpg,center
center_2025_04_30_01_09_42_338.jpg,center
center_2025_04_30_01_09_42_421.jpg,center
center_2025_04_30_01_09_42_507.jpg,center
center_2025_04_30_01_09_42_596.jpg,center
center_2025_04_30_01_09_42_686.jpg,center
center_2025_04_30_01_09_42_778.jpg,center
center_2025_04_30_01_09_42_873.jpg,center
center_2025_04_30_01_09_42_961.jpg,center
center_2025_04_30_01_09_43_044.jpg,center
center_2025_04_30_01_09_43_123.jpg,center
center_2025_04_30_01_09_43_203.jpg,center
center_2025_04_30_01_09_43_293.jpg,center
center_2025_04_30_01_09_43_373.jpg,center
center_2025_04_30_01_09_43_452.jpg,center
center_2025_04_30_01_09_43_533.jpg,center
center_2025_04_30_01_09_43_749.jpg,right
